,data,maquina,setor,turno,horas_uso,temperatura_media,vibracao_media,producao,pecas_defeituosas,taxa_defeito,eficiencia,col_mes,mes,meta_producao_diaria,meta_taxa_defeito_max_pct,ano,fabricante,modelo,ano_aquisicao,capacidade_maxima_diaria,custo_hora_operacao_reais,tecnico_responsavel,ultima_manutencao_preventiva
0,2025-01-01,Torno CNC 03,Usinagem,Manhã,11,76.3,2.45,492,11,2.2357723577235773,97.76422764227642,1,Janeiro,500.0,2.5,2025,Romi,GL 240,2019.0,550.0,42.5,Carlos Mendes,2025-01-15
1,2025-01-02,Torno CNC 03,Usinagem,Tarde,7,82.1,2.27,457,6,1.312910284463895,98.6870897155361,1,Janeiro,500.0,2.5,2025,Romi,GL 240,2019.0,550.0,42.5,Carlos Mendes,2025-01-15
2,2025-01-03,Torno CNC 03,Usinagem,Manhã,8,79.2,2.02,482,7,1.4522821576763485,98.54771784232364,1,Janeiro,500.0,2.5,2025,Romi,GL 240,2019.0,550.0,42.5,Carlos Mendes,2025-01-15
3,2025-01-04,Torno CNC 03,Usinagem,Tarde,3,77.5,2.16,157,11,7.006369426751593,92.9936305732484,1,Janeiro,500.0,2.5,2025,Romi,GL 240,2019.0,550.0,42.5,Carlos Mendes,2025-01-15
4,2025-01-05,Torno CNC 03,Usinagem,Manhã,3,70.7,2.48,162,4,2.469135802469136,97.53086419753086,1,Janeiro,500.0,2.5,2025,Romi,GL 240,2019.0,550.0,42.5,Carlos Mendes,2025-01-15
5,2025-01-06,Torno CNC 03,Usinagem,Tarde,8,77.5,3.07,491,4,0.8146639511201629,99.18533604887983,1,Janeiro,500.0,2.5,2025,Romi,GL 240,2019.0,550.0,42.5,Carlos Mendes,2025-01-15
6,2025-01-07,Torno CNC 03,Usinagem,Manhã,9,74.5,2.41,466,5,1.072961373390558,98.92703862660944,1,Janeiro,500.0,2.5,2025,Romi,GL 240,2019.0,550.0,42.5,Carlos Mendes,2025-01-15
7,2025-01-08,Torno CNC 03,Usinagem,Tarde,8,77.1,1.99,477,9,1.8867924528301887,98.1132075471698,1,Janeiro,500.0,2.5,2025,Romi,GL 240,2019.0,550.0,42.5,Carlos Mendes,2025-01-15
8,2025-01-09,Torno CNC 03,Usinagem,Manhã,11,76.8,1.95,496,7,1.411290322580645,98.58870967741936,1,Janeiro,500.0,2.5,2025,Romi,GL 240,2019.0,550.0,42.5,Carlos Mendes,2025-01-15
9,2025-01-10,Torno CNC 03,Usinagem,Tarde,10,75.9,1.9,487,3,0.6160164271047228,99.38398357289527,1,Janeiro,500.0,2.5,2025,Romi,GL 240,2019.0,550.0,42.5,Carlos Mendes,2025-01-15
10,2025-01-11,Torno CNC 03,Usinagem,Manhã,3,71.5,1.99,173,9,5.202312138728324,94.79768786127168,1,Janeiro,500.0,2.5,2025,Romi,GL 240,2019.0,550.0,42.5,Carlos Mendes,2025-01-15
11,2025-01-12,Torno CNC 03,Usinagem,Tarde,3,79.0,2.0,129,3,2.3255813953488373,97.67441860465117,1,Janeiro,500.0,2.5,2025,Romi,GL 240,2019.0,550.0,42.5,Carlos Mendes,2025-01-15
12,2025-01-13,Torno CNC 03,Usinagem,Manhã,11,76.6,2.62,491,10,2.0366598778004072,97.9633401221996,1,Janeiro,500.0,2.5,2025,Romi,GL 240,2019.0,550.0,42.5,Carlos Mendes,2025-01-15
13,2025-01-14,Torno CNC 03,Usinagem,Tarde,9,72.7,2.47,505,4,0.7920792079207921,99.2079207920792,1,Janeiro,500.0,2.5,2025,Romi,GL 240,2019.0,550.0,42.5,Carlos Mendes,2025-01-15
14,2025-01-15,Torno CNC 03,Usinagem,Manhã,7,75.5,2.21,491,3,0.6109979633401221,99.38900203665987,1,Janeiro,500.0,2.5,2025,Romi,GL 240,2019.0,550.0,42.5,Carlos Mendes,2025-01-15
15,2025-01-16,Torno CNC 03,Usinagem,Tarde,5,80.9,2.25,473,9,1.9027484143763211,98.09725158562368,1,Janeiro,500.0,2.5,2025,Romi,GL 240,2019.0,550.0,42.5,Carlos Mendes,2025-01-15
16,2025-01-17,Torno CNC 03,Usinagem,Manhã,9,80.4,2.71,482,6,1.2448132780082988,98.7551867219917,1,Janeiro,500.0,2.5,2025,Romi,GL 240,2019.0,550.0,42.5,Carlos Mendes,2025-01-15
17,2025-01-18,Torno CNC 03,Usinagem,Tarde,4,81.0,2.59,189,11,5.82010582010582,94.17989417989418,1,Janeiro,500.0,2.5,2025,Romi,GL 240,2019.0,550.0,42.5,Carlos Mendes,2025-01-15
18,2025-01-19,Torno CNC 03,Usinagem,Manhã,4,77.9,2.77,104,11,10.576923076923077,89.42307692307692,1,Janeiro,500.0,2.5,2025,Romi,GL 240,2019.0,550.0,42.5,Carlos Mendes,2025-01-15
19,2025-01-20,Torno CNC 03,Usinagem,Tarde,8,80.5,1.87,510,5,0.9803921568627452,99.01960784313724,1,Janeiro,500.0,2.5,2025,Romi,GL 240,2019.0,550.0,42.5,Carlos Mendes,2025-01-15
20,2025-01-21,Torno CNC 03,Usinagem,Manhã,10,78.9,1.99,449,8,1.7817371937639197,98.21826280623608,1,Janeiro,500.0,2.5,2025,Romi,GL 240,2019.0,550.0,42.5,Carlos Mendes,2025-01-15
21,2025-01-22,Torno CNC 03,Usinagem,Tarde,7,78.6,2.51,493,11,2.231237322515213,97.7687626774848,1,Janeiro,500.0,2.5,2025,Romi,GL 240,2019.0,550.0,42.5,Carlos Mendes,2025-01-15
22,2025-01-23,Torno CNC 03,Usinagem,Manhã,9,76.2,2.21,448,5,1.1160714285714286,98.88392857142856,1,Janeiro,500.0,2.5,2025,Romi,GL 240,2019.0,550.0,42.5,Carlos Mendes,2025-01-15
23,2025-01-24,Torno CNC 03,Usinagem,Tarde,10,77.3,2.2,504,8,1.5873015873015872,98.41269841269842,1,Janeiro,500.0,2.5,2025,Romi,GL 240,2019.0,550.0,42.5,Carlos Mendes,2025-01-15
24,2025-01-25,Torno CNC 03,Usinagem,Manhã,5,80.2,2.22,191,10,5.235602094240837,94.76439790575915,1,Janeiro,500.0,2.5,2025,Romi,GL 240,2019.0,550.0,42.5,Carlos Mendes,2025-01-15
25,2025-01-26,Torno CNC 03,Usinagem,Tarde,5,74.1,1.9,144,7,4.861111111111112,95.13888888888889,1,Janeiro,500.0,2.5,2025,Romi,GL 240,2019.0,550.0,42.5,Carlos Mendes,2025-01-15
26,2025-01-27,Torno CNC 03,Usinagem,Manhã,7,73.8,2.17,477,7,1.4675052410901468,98.53249475890983,1,Janeiro,500.0,2.5,2025,Romi,GL 240,2019.0,550.0,42.5,Carlos Mendes,2025-01-15
27,2025-01-28,Torno CNC 03,Usinagem,Tarde,5,75.6,2.1,482,11,2.282157676348548,97.71784232365144,1,Janeiro,500.0,2.5,2025,Romi,GL 240,2019.0,550.0,42.5,Carlos Mendes,2025-01-15
28,2025-01-29,Torno CNC 03,Usinagem,Manhã,8,80.5,1.98,467,9,1.9271948608137044,98.0728051391863,1,Janeiro,500.0,2.5,2025,Romi,GL 240,2019.0,550.0,42.5,Carlos Mendes,2025-01-15
29,2025-01-30,Torno CNC 03,Usinagem,Tarde,5,79.4,2.17,484,2,0.4132231404958678,99.58677685950413,1,Janeiro,500.0,2.5,2025,Romi,GL 240,2019.0,550.0,42.5,Carlos Mendes,2025-01-15
30,2025-01-31,Torno CNC 03,Usinagem,Manhã,5,76.3,2.17,495,8,1.616161616161616,98.38383838383838,1,Janeiro,500.0,2.5,2025,Romi,GL 240,2019.0,550.0,42.5,Carlos Mendes,2025-01-15
31,2025-02-01,Torno CNC 03,Usinagem,Tarde,5,78.0,2.24,153,2,1.30718954248366,98.69281045751634,2,Fevereiro,504.0,2.4,2025,Romi,GL 240,2019.0,550.0,42.5,Carlos Mendes,2025-01-15
32,2025-02-02,Torno CNC 03,Usinagem,Manhã,4,77.6,2.72,169,2,1.183431952662722,98.81656804733728,2,Fevereiro,504.0,2.4,2025,Romi,GL 240,2019.0,550.0,42.5,Carlos Mendes,2025-01-15
33,2025-02-03,Torno CNC 03,Usinagem,Tarde,5,78.7,2.0,473,4,0.8456659619450317,99.15433403805496,2,Fevereiro,504.0,2.4,2025,Romi,GL 240,2019.0,550.0,42.5,Carlos Mendes,2025-01-15
34,2025-02-04,Torno CNC 03,Usinagem,Manhã,8,74.7,2.1,509,5,0.9823182711198428,99.01768172888016,2,Fevereiro,504.0,2.4,2025,Romi,GL 240,2019.0,550.0,42.5,Carlos Mendes,2025-01-15
35,2025-02-05,Torno CNC 03,Usinagem,Tarde,11,79.8,2.46,465,8,1.7204301075268815,98.27956989247312,2,Fevereiro,504.0,2.4,2025,Romi,GL 240,2019.0,550.0,42.5,Carlos Mendes,2025-01-15
36,2025-02-06,Torno CNC 03,Usinagem,Manhã,6,79.4,2.58,467,11,2.355460385438972,97.64453961456104,2,Fevereiro,504.0,2.4,2025,Romi,GL 240,2019.0,550.0,42.5,Carlos Mendes,2025-01-15
37,2025-02-07,Torno CNC 03,Usinagem,Tarde,7,80.0,2.11,475,10,2.1052631578947367,97.89473684210526,2,Fevereiro,504.0,2.4,2025,Romi,GL 240,2019.0,550.0,42.5,Carlos Mendes,2025-01-15
38,2025-02-08,Torno CNC 03,Usinagem,Manhã,5,73.2,2.36,177,10,5.649717514124294,94.35028248587572,2,Fevereiro,504.0,2.4,2025,Romi,GL 240,2019.0,550.0,42.5,Carlos Mendes,2025-01-15
39,2025-02-09,Torno CNC 03,Usinagem,Tarde,2,80.3,2.69,149,4,2.684563758389262,97.31543624161074,2,Fevereiro,504.0,2.4,2025,Romi,GL 240,2019.0,550.0,42.5,Carlos Mendes,2025-01-15
40,2025-02-10,Torno CNC 03,Usinagem,Manhã,8,78.8,2.4,471,9,1.910828025477707,98.08917197452227,2,Fevereiro,504.0,2.4,2025,Romi,GL 240,2019.0,550.0,42.5,Carlos Mendes,2025-01-15
41,2025-02-11,Torno CNC 03,Usinagem,Tarde,8,78.7,2.37,510,4,0.7843137254901961,99.2156862745098,2,Fevereiro,504.0,2.4,2025,Romi,GL 240,2019.0,550.0,42.5,Carlos Mendes,2025-01-15
42,2025-02-12,Torno CNC 03,Usinagem,Manhã,10,75.0,1.97,417,10,2.3980815347721824,97.6019184652278,2,Fevereiro,504.0,2.4,2025,Romi,GL 240,2019.0,550.0,42.5,Carlos Mendes,2025-01-15
43,2025-02-13,Torno CNC 03,Usinagem,Tarde,8,75.6,2.01,509,6,1.1787819253438114,98.8212180746562,2,Fevereiro,504.0,2.4,2025,Romi,GL 240,2019.0,550.0,42.5,Carlos Mendes,2025-01-15
44,2025-02-14,Torno CNC 03,Usinagem,Manhã,8,82.0,2.08,465,4,0.8602150537634409,99.13978494623656,2,Fevereiro,504.0,2.4,2025,Romi,GL 240,2019.0,550.0,42.5,Carlos Mendes,2025-01-15
45,2025-02-15,Torno CNC 03,Usinagem,Tarde,3,81.3,2.03,151,7,4.635761589403973,95.36423841059604,2,Fevereiro,504.0,2.4,2025,Romi,GL 240,2019.0,550.0,42.5,Carlos Mendes,2025-01-15
46,2025-02-16,Torno CNC 03,Usinagem,Manhã,3,80.6,2.23,202,2,0.99009900990099,99.009900990099,2,Fevereiro,504.0,2.4,2025,Romi,GL 240,2019.0,550.0,42.5,Carlos Mendes,2025-01-15
47,2025-02-17,Torno CNC 03,Usinagem,Tarde,8,79.6,2.56,500,4,0.8,99.2,2,Fevereiro,504.0,2.4,2025,Romi,GL 240,2019.0,550.0,42.5,Carlos Mendes,2025-01-15
48,2025-02-18,Torno CNC 03,Usinagem,Manhã,8,78.1,2.26,487,6,1.2320328542094456,98.76796714579056,2,Fevereiro,504.0,2.4,2025,Romi,GL 240,2019.0,550.0,42.5,Carlos Mendes,2025-01-15
49,2025-02-19,Torno CNC 03,Usinagem,Tarde,11,80.2,2.05,453,8,1.7660044150110374,98.23399558498896,2,Fevereiro,504.0,2.4,2025,Romi,GL 240,2019.0,550.0,42.5,Carlos Mendes,2025-01-15
50,2025-02-20,Torno CNC 03,Usinagem,Manhã,5,75.2,2.15,508,11,2.1653543307086616,97.83464566929132,2,Fevereiro,504.0,2.4,2025,Romi,GL 240,2019.0,550.0,42.5,Carlos Mendes,2025-01-15
51,2025-02-21,Torno CNC 03,Usinagem,Tarde,7,78.3,2.03,495,7,1.414141414141414,98.5858585858586,2,Fevereiro,504.0,2.4,2025,Romi,GL 240,2019.0,550.0,42.5,Carlos Mendes,2025-01-15
52,2025-02-22,Torno CNC 03,Usinagem,Manhã,4,78.2,1.96,181,2,1.1049723756906076,98.8950276243094,2,Fevereiro,504.0,2.4,2025,Romi,GL 240,2019.0,550.0,42.5,Carlos Mendes,2025-01-15
53,2025-02-23,Torno CNC 03,Usinagem,Tarde,2,79.7,2.01,206,11,5.339805825242718,94.66019417475728,2,Fevereiro,504.0,2.4,2025,Romi,GL 240,2019.0,550.0,42.5,Carlos Mendes,2025-01-15
54,2025-02-24,Torno CNC 03,Usinagem,Manhã,11,73.3,2.15,473,8,1.6913319238900637,98.30866807610994,2,Fevereiro,504.0,2.4,2025,Romi,GL 240,2019.0,550.0,42.5,Carlos Mendes,2025-01-15
55,2025-02-25,Torno CNC 03,Usinagem,Tarde,5,78.6,1.95,504,9,1.7857142857142856,98.21428571428572,2,Fevereiro,504.0,2.4,2025,Romi,GL 240,2019.0,550.0,42.5,Carlos Mendes,2025-01-15
56,2025-02-26,Torno CNC 03,Usinagem,Manhã,10,78.7,2.35,463,3,0.6479481641468683,99.35205183585312,2,Fevereiro,504.0,2.4,2025,Romi,GL 240,2019.0,550.0,42.5,Carlos Mendes,2025-01-15
57,2025-02-27,Torno CNC 03,Usinagem,Tarde,11,73.5,1.94,522,11,2.10727969348659,97.8927203065134,2,Fevereiro,504.0,2.4,2025,Romi,GL 240,2019.0,550.0,42.5,Carlos Mendes,2025-01-15
58,2025-02-28,Torno CNC 03,Usinagem,Manhã,11,76.8,2.48,443,9,2.031602708803612,97.96839729119638,2,Fevereiro,504.0,2.4,2025,Romi,GL 240,2019.0,550.0,42.5,Carlos Mendes,2025-01-15
59,2025-03-01,Torno CNC 03,Usinagem,Tarde,2,79.3,2.66,169,5,2.9585798816568047,97.0414201183432,3,Março,508.0,2.3,2025,Romi,GL 240,2019.0,550.0,42.5,Carlos Mendes,2025-01-15
60,2025-03-02,Torno CNC 03,Usinagem,Manhã,3,84.4,2.49,122,2,1.639344262295082,98.36065573770492,3,Março,508.0,2.3,2025,Romi,GL 240,2019.0,550.0,42.5,Carlos Mendes,2025-01-15
61,2025-03-03,Torno CNC 03,Usinagem,Tarde,11,78.6,2.78,482,11,2.282157676348548,97.71784232365144,3,Março,508.0,2.3,2025,Romi,GL 240,2019.0,550.0,42.5,Carlos Mendes,2025-01-15
62,2025-03-04,Torno CNC 03,Usinagem,Manhã,9,83.3,2.1,454,7,1.5418502202643172,98.45814977973568,3,Março,508.0,2.3,2025,Romi,GL 240,2019.0,550.0,42.5,Carlos Mendes,2025-01-15
63,2025-03-05,Torno CNC 03,Usinagem,Tarde,5,77.0,1.92,516,8,1.550387596899225,98.44961240310076,3,Março,508.0,2.3,2025,Romi,GL 240,2019.0,550.0,42.5,Carlos Mendes,2025-01-15
64,2025-03-06,Torno CNC 03,Usinagem,Manhã,11,83.0,2.16,496,4,0.8064516129032258,99.19354838709675,3,Março,508.0,2.3,2025,Romi,GL 240,2019.0,550.0,42.5,Carlos Mendes,2025-01-15
65,2025-03-07,Torno CNC 03,Usinagem,Tarde,9,76.2,2.2,473,6,1.2684989429175475,98.73150105708244,3,Março,508.0,2.3,2025,Romi,GL 240,2019.0,550.0,42.5,Carlos Mendes,2025-01-15
66,2025-03-08,Torno CNC 03,Usinagem,Manhã,4,77.3,2.86,172,8,4.651162790697675,95.34883720930232,3,Março,508.0,2.3,2025,Romi,GL 240,2019.0,550.0,42.5,Carlos Mendes,2025-01-15
67,2025-03-09,Torno CNC 03,Usinagem,Tarde,5,75.2,2.22,142,8,5.633802816901409,94.3661971830986,3,Março,508.0,2.3,2025,Romi,GL 240,2019.0,550.0,42.5,Carlos Mendes,2025-01-15
68,2025-03-10,Torno CNC 03,Usinagem,Manhã,6,82.6,2.7,491,11,2.240325865580448,97.75967413441956,3,Março,508.0,2.3,2025,Romi,GL 240,2019.0,550.0,42.5,Carlos Mendes,2025-01-15
69,2025-03-11,Torno CNC 03,Usinagem,Tarde,7,76.6,2.65,495,6,1.2121212121212122,98.78787878787878,3,Março,508.0,2.3,2025,Romi,GL 240,2019.0,550.0,42.5,Carlos Mendes,2025-01-15
70,2025-03-12,Torno CNC 03,Usinagem,Manhã,9,77.4,2.32,511,9,1.761252446183953,98.23874755381604,3,Março,508.0,2.3,2025,Romi,GL 240,2019.0,550.0,42.5,Carlos Mendes,2025-01-15
71,2025-03-13,Torno CNC 03,Usinagem,Tarde,8,78.4,2.78,464,2,0.4310344827586206,99.56896551724138,3,Março,508.0,2.3,2025,Romi,GL 240,2019.0,550.0,42.5,Carlos Mendes,2025-01-15
72,2025-03-14,Torno CNC 03,Usinagem,Manhã,9,80.1,2.32,506,11,2.1739130434782608,97.82608695652172,3,Março,508.0,2.3,2025,Romi,GL 240,2019.0,550.0,42.5,Carlos Mendes,2025-01-15
73,2025-03-15,Torno CNC 03,Usinagem,Tarde,4,77.7,2.38,158,2,1.2658227848101269,98.73417721518987,3,Março,508.0,2.3,2025,Romi,GL 240,2019.0,550.0,42.5,Carlos Mendes,2025-01-15
74,2025-03-16,Torno CNC 03,Usinagem,Manhã,3,80.7,2.16,158,6,3.79746835443038,96.20253164556962,3,Março,508.0,2.3,2025,Romi,GL 240,2019.0,550.0,42.5,Carlos Mendes,2025-01-15
75,2025-03-17,Torno CNC 03,Usinagem,Tarde,6,76.9,2.57,504,5,0.992063492063492,99.0079365079365,3,Março,508.0,2.3,2025,Romi,GL 240,2019.0,550.0,42.5,Carlos Mendes,2025-01-15
76,2025-03-18,Torno CNC 03,Usinagem,Manhã,5,76.1,2.56,510,4,0.7843137254901961,99.2156862745098,3,Março,508.0,2.3,2025,Romi,GL 240,2019.0,550.0,42.5,Carlos Mendes,2025-01-15
77,2025-03-19,Torno CNC 03,Usinagem,Tarde,5,75.9,2.12,506,2,0.3952569169960474,99.60474308300395,3,Março,508.0,2.3,2025,Romi,GL 240,2019.0,550.0,42.5,Carlos Mendes,2025-01-15
78,2025-03-20,Torno CNC 03,Usinagem,Manhã,11,81.1,2.37,458,8,1.7467248908296942,98.2532751091703,3,Março,508.0,2.3,2025,Romi,GL 240,2019.0,550.0,42.5,Carlos Mendes,2025-01-15
79,2025-03-21,Torno CNC 03,Usinagem,Tarde,9,79.1,2.04,517,2,0.3868471953578337,99.61315280464216,3,Março,508.0,2.3,2025,Romi,GL 240,2019.0,550.0,42.5,Carlos Mendes,2025-01-15
80,2025-03-22,Torno CNC 03,Usinagem,Manhã,2,81.9,2.31,191,2,1.0471204188481675,98.95287958115183,3,Março,508.0,2.3,2025,Romi,GL 240,2019.0,550.0,42.5,Carlos Mendes,2025-01-15
81,2025-03-23,Torno CNC 03,Usinagem,Tarde,5,77.1,2.22,159,5,3.1446540880503147,96.85534591194968,3,Março,508.0,2.3,2025,Romi,GL 240,2019.0,550.0,42.5,Carlos Mendes,2025-01-15
82,2025-03-24,Torno CNC 03,Usinagem,Manhã,7,75.4,2.3,502,5,0.99601593625498,99.00398406374502,3,Março,508.0,2.3,2025,Romi,GL 240,2019.0,550.0,42.5,Carlos Mendes,2025-01-15
83,2025-03-25,Torno CNC 03,Usinagem,Tarde,7,75.6,2.2,504,6,1.1904761904761905,98.8095238095238,3,Março,508.0,2.3,2025,Romi,GL 240,2019.0,550.0,42.5,Carlos Mendes,2025-01-15
84,2025-03-26,Torno CNC 03,Usinagem,Manhã,6,83.4,2.42,500,7,1.4,98.6,3,Março,508.0,2.3,2025,Romi,GL 240,2019.0,550.0,42.5,Carlos Mendes,2025-01-15
85,2025-03-27,Torno CNC 03,Usinagem,Tarde,11,78.2,1.87,488,10,2.0491803278688523,97.95081967213116,3,Março,508.0,2.3,2025,Romi,GL 240,2019.0,550.0,42.5,Carlos Mendes,2025-01-15
86,2025-03-28,Torno CNC 03,Usinagem,Manhã,6,73.3,2.32,525,7,1.3333333333333337,98.66666666666669,3,Março,508.0,2.3,2025,Romi,GL 240,2019.0,550.0,42.5,Carlos Mendes,2025-01-15
87,2025-03-29,Torno CNC 03,Usinagem,Tarde,5,78.7,2.39,170,5,2.941176470588235,97.05882352941175,3,Março,508.0,2.3,2025,Romi,GL 240,2019.0,550.0,42.5,Carlos Mendes,2025-01-15
88,2025-03-30,Torno CNC 03,Usinagem,Manhã,5,75.8,2.24,182,11,6.043956043956044,93.95604395604396,3,Março,508.0,2.3,2025,Romi,GL 240,2019.0,550.0,42.5,Carlos Mendes,2025-01-15
89,2025-03-31,Torno CNC 03,Usinagem,Tarde,6,82.4,2.08,452,3,0.6637168141592921,99.33628318584071,3,Março,508.0,2.3,2025,Romi,GL 240,2019.0,550.0,42.5,Carlos Mendes,2025-01-15
90,2025-04-01,Torno CNC 03,Usinagem,Manhã,8,82.8,2.44,515,8,1.5533980582524272,98.44660194174756,4,Abril,512.0,2.2,2025,Romi,GL 240,2019.0,550.0,42.5,Carlos Mendes,2025-01-15
91,2025-04-02,Torno CNC 03,Usinagem,Tarde,5,79.6,1.97,518,10,1.9305019305019304,98.06949806949808,4,Abril,512.0,2.2,2025,Romi,GL 240,2019.0,550.0,42.5,Carlos Mendes,2025-01-15
92,2025-04-03,Torno CNC 03,Usinagem,Manhã,11,75.5,2.29,435,11,2.528735632183908,97.47126436781608,4,Abril,512.0,2.2,2025,Romi,GL 240,2019.0,550.0,42.5,Carlos Mendes,2025-01-15
93,2025-04-04,Torno CNC 03,Usinagem,Tarde,8,81.4,2.31,509,6,1.1787819253438114,98.8212180746562,4,Abril,512.0,2.2,2025,Romi,GL 240,2019.0,550.0,42.5,Carlos Mendes,2025-01-15
94,2025-04-05,Torno CNC 03,Usinagem,Manhã,5,78.7,2.3,177,5,2.824858757062147,97.17514124293784,4,Abril,512.0,2.2,2025,Romi,GL 240,2019.0,550.0,42.5,Carlos Mendes,2025-01-15
95,2025-04-06,Torno CNC 03,Usinagem,Tarde,2,75.7,2.98,185,2,1.0810810810810811,98.91891891891892,4,Abril,512.0,2.2,2025,Romi,GL 240,2019.0,550.0,42.5,Carlos Mendes,2025-01-15
96,2025-04-07,Torno CNC 03,Usinagem,Manhã,9,75.3,2.76,510,11,2.156862745098039,97.84313725490196,4,Abril,512.0,2.2,2025,Romi,GL 240,2019.0,550.0,42.5,Carlos Mendes,2025-01-15
97,2025-04-08,Torno CNC 03,Usinagem,Tarde,10,78.6,2.96,480,9,1.875,98.125,4,Abril,512.0,2.2,2025,Romi,GL 240,2019.0,550.0,42.5,Carlos Mendes,2025-01-15
98,2025-04-09,Torno CNC 03,Usinagem,Manhã,6,77.5,1.89,527,6,1.1385199240986716,98.86148007590133,4,Abril,512.0,2.2,2025,Romi,GL 240,2019.0,550.0,42.5,Carlos Mendes,2025-01-15
99,2025-04-10,Torno CNC 03,Usinagem,Tarde,5,72.6,2.2,460,2,0.4347826086956521,99.56521739130434,4,Abril,512.0,2.2,2025,Romi,GL 240,2019.0,550.0,42.5,Carlos Mendes,2025-01-15
100,2025-04-11,Torno CNC 03,Usinagem,Manhã,5,80.9,2.13,479,4,0.8350730688935281,99.16492693110648,4,Abril,512.0,2.2,2025,Romi,GL 240,2019.0,550.0,42.5,Carlos Mendes,2025-01-15
101,2025-04-12,Torno CNC 03,Usinagem,Tarde,2,79.5,2.26,192,6,3.125,96.875,4,Abril,512.0,2.2,2025,Romi,GL 240,2019.0,550.0,42.5,Carlos Mendes,2025-01-15
102,2025-04-13,Torno CNC 03,Usinagem,Manhã,4,78.4,2.61,168,7,4.166666666666666,95.83333333333331,4,Abril,512.0,2.2,2025,Romi,GL 240,2019.0,550.0,42.5,Carlos Mendes,2025-01-15
103,2025-04-14,Torno CNC 03,Usinagem,Tarde,5,74.5,2.4,502,6,1.195219123505976,98.80478087649402,4,Abril,512.0,2.2,2025,Romi,GL 240,2019.0,550.0,42.5,Carlos Mendes,2025-01-15
104,2025-04-15,Torno CNC 03,Usinagem,Manhã,6,79.0,2.27,509,3,0.5893909626719057,99.4106090373281,4,Abril,512.0,2.2,2025,Romi,GL 240,2019.0,550.0,42.5,Carlos Mendes,2025-01-15
105,2025-04-16,Torno CNC 03,Usinagem,Tarde,5,78.8,1.82,487,8,1.642710472279261,98.35728952772074,4,Abril,512.0,2.2,2025,Romi,GL 240,2019.0,550.0,42.5,Carlos Mendes,2025-01-15
106,2025-04-17,Torno CNC 03,Usinagem,Manhã,10,79.0,2.87,510,8,1.568627450980392,98.4313725490196,4,Abril,512.0,2.2,2025,Romi,GL 240,2019.0,550.0,42.5,Carlos Mendes,2025-01-15
107,2025-04-18,Torno CNC 03,Usinagem,Tarde,9,78.6,2.58,523,4,0.7648183556405354,99.23518164435949,4,Abril,512.0,2.2,2025,Romi,GL 240,2019.0,550.0,42.5,Carlos Mendes,2025-01-15
108,2025-04-19,Torno CNC 03,Usinagem,Manhã,2,75.8,2.11,155,5,3.225806451612903,96.7741935483871,4,Abril,512.0,2.2,2025,Romi,GL 240,2019.0,550.0,42.5,Carlos Mendes,2025-01-15
109,2025-04-20,Torno CNC 03,Usinagem,Tarde,3,75.2,2.4,188,3,1.5957446808510638,98.40425531914892,4,Abril,512.0,2.2,2025,Romi,GL 240,2019.0,550.0,42.5,Carlos Mendes,2025-01-15
110,2025-04-21,Torno CNC 03,Usinagem,Manhã,8,67.6,2.22,490,2,0.4081632653061224,99.59183673469389,4,Abril,512.0,2.2,2025,Romi,GL 240,2019.0,550.0,42.5,Carlos Mendes,2025-01-15
111,2025-04-22,Torno CNC 03,Usinagem,Tarde,10,80.7,2.42,537,8,1.48975791433892,98.51024208566108,4,Abril,512.0,2.2,2025,Romi,GL 240,2019.0,550.0,42.5,Carlos Mendes,2025-01-15
112,2025-04-23,Torno CNC 03,Usinagem,Manhã,11,79.8,2.66,509,3,0.5893909626719057,99.4106090373281,4,Abril,512.0,2.2,2025,Romi,GL 240,2019.0,550.0,42.5,Carlos Mendes,2025-01-15
113,2025-04-24,Torno CNC 03,Usinagem,Tarde,6,78.1,2.55,555,4,0.7207207207207207,99.27927927927928,4,Abril,512.0,2.2,2025,Romi,GL 240,2019.0,550.0,42.5,Carlos Mendes,2025-01-15
114,2025-04-25,Torno CNC 03,Usinagem,Manhã,11,79.1,2.82,526,8,1.520912547528517,98.47908745247148,4,Abril,512.0,2.2,2025,Romi,GL 240,2019.0,550.0,42.5,Carlos Mendes,2025-01-15
115,2025-04-26,Torno CNC 03,Usinagem,Tarde,3,77.7,1.79,175,9,5.142857142857142,94.85714285714286,4,Abril,512.0,2.2,2025,Romi,GL 240,2019.0,550.0,42.5,Carlos Mendes,2025-01-15
116,2025-04-27,Torno CNC 03,Usinagem,Manhã,2,78.0,2.42,205,4,1.951219512195122,98.04878048780488,4,Abril,512.0,2.2,2025,Romi,GL 240,2019.0,550.0,42.5,Carlos Mendes,2025-01-15
117,2025-04-28,Torno CNC 03,Usinagem,Tarde,11,73.7,1.97,517,9,1.7408123791102514,98.25918762088976,4,Abril,512.0,2.2,2025,Romi,GL 240,2019.0,550.0,42.5,Carlos Mendes,2025-01-15
118,2025-04-29,Torno CNC 03,Usinagem,Manhã,5,77.8,2.59,480,11,2.2916666666666665,97.70833333333331,4,Abril,512.0,2.2,2025,Romi,GL 240,2019.0,550.0,42.5,Carlos Mendes,2025-01-15
119,2025-04-30,Torno CNC 03,Usinagem,Tarde,7,79.5,2.06,491,6,1.2219959266802445,98.77800407331976,4,Abril,512.0,2.2,2025,Romi,GL 240,2019.0,550.0,42.5,Carlos Mendes,2025-01-15
120,2025-05-01,Torno CNC 03,Usinagem,Manhã,10,77.7,1.99,492,11,2.2357723577235773,97.76422764227642,5,Maio,516.0,2.1,2025,Romi,GL 240,2019.0,550.0,42.5,Carlos Mendes,2025-01-15
121,2025-05-02,Torno CNC 03,Usinagem,Tarde,9,74.4,2.11,499,10,2.004008016032064,97.99599198396794,5,Maio,516.0,2.1,2025,Romi,GL 240,2019.0,550.0,42.5,Carlos Mendes,2025-01-15
122,2025-05-03,Torno CNC 03,Usinagem,Manhã,3,80.6,2.11,159,9,5.660377358490567,94.33962264150944,5,Maio,516.0,2.1,2025,Romi,GL 240,2019.0,550.0,42.5,Carlos Mendes,2025-01-15
123,2025-05-04,Torno CNC 03,Usinagem,Tarde,3,79.7,2.53,158,9,5.69620253164557,94.30379746835445,5,Maio,516.0,2.1,2025,Romi,GL 240,2019.0,550.0,42.5,Carlos Mendes,2025-01-15
124,2025-05-05,Torno CNC 03,Usinagem,Manhã,6,80.6,2.0,507,3,0.591715976331361,99.40828402366864,5,Maio,516.0,2.1,2025,Romi,GL 240,2019.0,550.0,42.5,Carlos Mendes,2025-01-15
125,2025-05-06,Torno CNC 03,Usinagem,Tarde,6,80.9,1.95,465,10,2.1505376344086025,97.8494623655914,5,Maio,516.0,2.1,2025,Romi,GL 240,2019.0,550.0,42.5,Carlos Mendes,2025-01-15
126,2025-05-07,Torno CNC 03,Usinagem,Manhã,11,77.4,2.29,480,11,2.2916666666666665,97.70833333333331,5,Maio,516.0,2.1,2025,Romi,GL 240,2019.0,550.0,42.5,Carlos Mendes,2025-01-15
127,2025-05-08,Torno CNC 03,Usinagem,Tarde,10,76.0,2.81,529,4,0.7561436672967864,99.24385633270322,5,Maio,516.0,2.1,2025,Romi,GL 240,2019.0,550.0,42.5,Carlos Mendes,2025-01-15
128,2025-05-09,Torno CNC 03,Usinagem,Manhã,5,75.4,2.3,567,9,1.5873015873015872,98.41269841269842,5,Maio,516.0,2.1,2025,Romi,GL 240,2019.0,550.0,42.5,Carlos Mendes,2025-01-15
129,2025-05-10,Torno CNC 03,Usinagem,Tarde,5,81.0,1.99,173,10,5.780346820809249,94.21965317919076,5,Maio,516.0,2.1,2025,Romi,GL 240,2019.0,550.0,42.5,Carlos Mendes,2025-01-15
130,2025-05-11,Torno CNC 03,Usinagem,Manhã,2,82.2,1.91,130,7,5.384615384615385,94.6153846153846,5,Maio,516.0,2.1,2025,Romi,GL 240,2019.0,550.0,42.5,Carlos Mendes,2025-01-15
131,2025-05-12,Torno CNC 03,Usinagem,Tarde,9,80.8,2.11,476,5,1.050420168067227,98.94957983193277,5,Maio,516.0,2.1,2025,Romi,GL 240,2019.0,550.0,42.5,Carlos Mendes,2025-01-15
132,2025-05-13,Torno CNC 03,Usinagem,Manhã,10,76.2,2.04,509,9,1.768172888015717,98.23182711198427,5,Maio,516.0,2.1,2025,Romi,GL 240,2019.0,550.0,42.5,Carlos Mendes,2025-01-15
133,2025-05-14,Torno CNC 03,Usinagem,Tarde,9,75.5,2.42,506,5,0.9881422924901186,99.01185770750988,5,Maio,516.0,2.1,2025,Romi,GL 240,2019.0,550.0,42.5,Carlos Mendes,2025-01-15
134,2025-05-15,Torno CNC 03,Usinagem,Manhã,11,76.3,2.53,521,10,1.919385796545105,98.0806142034549,5,Maio,516.0,2.1,2025,Romi,GL 240,2019.0,550.0,42.5,Carlos Mendes,2025-01-15
135,2025-05-16,Torno CNC 03,Usinagem,Tarde,6,75.1,2.91,549,4,0.7285974499089253,99.27140255009108,5,Maio,516.0,2.1,2025,Romi,GL 240,2019.0,550.0,42.5,Carlos Mendes,2025-01-15
136,2025-05-17,Torno CNC 03,Usinagem,Manhã,2,76.0,2.47,159,2,1.257861635220126,98.74213836477988,5,Maio,516.0,2.1,2025,Romi,GL 240,2019.0,550.0,42.5,Carlos Mendes,2025-01-15
137,2025-05-18,Torno CNC 03,Usinagem,Tarde,5,72.6,2.16,171,11,6.432748538011696,93.5672514619883,5,Maio,516.0,2.1,2025,Romi,GL 240,2019.0,550.0,42.5,Carlos Mendes,2025-01-15
138,2025-05-19,Torno CNC 03,Usinagem,Manhã,10,79.9,1.8,508,4,0.7874015748031495,99.21259842519684,5,Maio,516.0,2.1,2025,Romi,GL 240,2019.0,550.0,42.5,Carlos Mendes,2025-01-15
139,2025-05-20,Torno CNC 03,Usinagem,Tarde,5,74.4,2.08,456,6,1.3157894736842104,98.6842105263158,5,Maio,516.0,2.1,2025,Romi,GL 240,2019.0,550.0,42.5,Carlos Mendes,2025-01-15
140,2025-05-21,Torno CNC 03,Usinagem,Manhã,11,73.8,2.37,495,6,1.2121212121212122,98.78787878787878,5,Maio,516.0,2.1,2025,Romi,GL 240,2019.0,550.0,42.5,Carlos Mendes,2025-01-15
141,2025-05-22,Torno CNC 03,Usinagem,Tarde,5,78.8,2.46,546,9,1.6483516483516485,98.35164835164836,5,Maio,516.0,2.1,2025,Romi,GL 240,2019.0,550.0,42.5,Carlos Mendes,2025-01-15
142,2025-05-23,Torno CNC 03,Usinagem,Manhã,10,72.7,1.99,514,4,0.7782101167315175,99.22178988326849,5,Maio,516.0,2.1,2025,Romi,GL 240,2019.0,550.0,42.5,Carlos Mendes,2025-01-15
143,2025-05-24,Torno CNC 03,Usinagem,Tarde,4,78.3,2.36,187,9,4.81283422459893,95.18716577540108,5,Maio,516.0,2.1,2025,Romi,GL 240,2019.0,550.0,42.5,Carlos Mendes,2025-01-15
144,2025-05-25,Torno CNC 03,Usinagem,Manhã,4,76.2,2.48,171,6,3.508771929824561,96.49122807017544,5,Maio,516.0,2.1,2025,Romi,GL 240,2019.0,550.0,42.5,Carlos Mendes,2025-01-15
145,2025-05-26,Torno CNC 03,Usinagem,Tarde,7,77.0,2.39,563,5,0.8880994671403196,99.11190053285968,5,Maio,516.0,2.1,2025,Romi,GL 240,2019.0,550.0,42.5,Carlos Mendes,2025-01-15
146,2025-05-27,Torno CNC 03,Usinagem,Manhã,5,77.2,2.58,505,4,0.7920792079207921,99.2079207920792,5,Maio,516.0,2.1,2025,Romi,GL 240,2019.0,550.0,42.5,Carlos Mendes,2025-01-15
147,2025-05-28,Torno CNC 03,Usinagem,Tarde,9,81.9,2.62,490,2,0.4081632653061224,99.59183673469389,5,Maio,516.0,2.1,2025,Romi,GL 240,2019.0,550.0,42.5,Carlos Mendes,2025-01-15
148,2025-05-29,Torno CNC 03,Usinagem,Manhã,5,74.4,1.82,493,9,1.8255578093306288,98.17444219066935,5,Maio,516.0,2.1,2025,Romi,GL 240,2019.0,550.0,42.5,Carlos Mendes,2025-01-15
149,2025-05-30,Torno CNC 03,Usinagem,Tarde,7,78.2,1.61,547,4,0.7312614259597806,99.2687385740402,5,Maio,516.0,2.1,2025,Romi,GL 240,2019.0,550.0,42.5,Carlos Mendes,2025-01-15
150,2025-05-31,Torno CNC 03,Usinagem,Manhã,4,80.7,2.63,222,5,2.2522522522522523,97.74774774774777,5,Maio,516.0,2.1,2025,Romi,GL 240,2019.0,550.0,42.5,Carlos Mendes,2025-01-15
151,2025-06-01,Torno CNC 03,Usinagem,Tarde,2,77.9,2.16,158,6,3.79746835443038,96.20253164556962,6,Junho,520.0,2.0,2025,Romi,GL 240,2019.0,550.0,42.5,Carlos Mendes,2025-01-15
152,2025-06-02,Torno CNC 03,Usinagem,Manhã,7,82.5,2.42,504,7,1.3888888888888888,98.61111111111111,6,Junho,520.0,2.0,2025,Romi,GL 240,2019.0,550.0,42.5,Carlos Mendes,2025-01-15
153,2025-06-03,Torno CNC 03,Usinagem,Tarde,9,80.5,2.22,488,9,1.8442622950819672,98.15573770491804,6,Junho,520.0,2.0,2025,Romi,GL 240,2019.0,550.0,42.5,Carlos Mendes,2025-01-15
154,2025-06-04,Torno CNC 03,Usinagem,Manhã,9,70.3,2.18,546,11,2.0146520146520146,97.985347985348,6,Junho,520.0,2.0,2025,Romi,GL 240,2019.0,550.0,42.5,Carlos Mendes,2025-01-15
155,2025-06-05,Torno CNC 03,Usinagem,Tarde,7,84.0,2.65,522,11,2.10727969348659,97.8927203065134,6,Junho,520.0,2.0,2025,Romi,GL 240,2019.0,550.0,42.5,Carlos Mendes,2025-01-15
156,2025-06-06,Torno CNC 03,Usinagem,Manhã,10,76.8,1.86,533,11,2.063789868667917,97.93621013133207,6,Junho,520.0,2.0,2025,Romi,GL 240,2019.0,550.0,42.5,Carlos Mendes,2025-01-15
157,2025-06-07,Torno CNC 03,Usinagem,Tarde,2,73.5,2.56,156,5,3.205128205128205,96.7948717948718,6,Junho,520.0,2.0,2025,Romi,GL 240,2019.0,550.0,42.5,Carlos Mendes,2025-01-15
158,2025-06-08,Torno CNC 03,Usinagem,Manhã,5,79.4,2.37,160,11,6.875000000000001,93.125,6,Junho,520.0,2.0,2025,Romi,GL 240,2019.0,550.0,42.5,Carlos Mendes,2025-01-15
159,2025-06-09,Torno CNC 03,Usinagem,Tarde,5,79.4,2.78,501,9,1.7964071856287425,98.20359281437126,6,Junho,520.0,2.0,2025,Romi,GL 240,2019.0,550.0,42.5,Carlos Mendes,2025-01-15
160,2025-06-10,Torno CNC 03,Usinagem,Manhã,5,77.7,2.53,577,6,1.0398613518197577,98.96013864818023,6,Junho,520.0,2.0,2025,Romi,GL 240,2019.0,550.0,42.5,Carlos Mendes,2025-01-15
161,2025-06-11,Torno CNC 03,Usinagem,Tarde,11,79.6,2.25,503,5,0.9940357852882704,99.00596421471172,6,Junho,520.0,2.0,2025,Romi,GL 240,2019.0,550.0,42.5,Carlos Mendes,2025-01-15
162,2025-06-12,Torno CNC 03,Usinagem,Manhã,5,80.6,1.6,509,3,0.5893909626719057,99.4106090373281,6,Junho,520.0,2.0,2025,Romi,GL 240,2019.0,550.0,42.5,Carlos Mendes,2025-01-15
163,2025-06-13,Torno CNC 03,Usinagem,Tarde,7,79.9,2.2,556,4,0.7194244604316548,99.28057553956836,6,Junho,520.0,2.0,2025,Romi,GL 240,2019.0,550.0,42.5,Carlos Mendes,2025-01-15
164,2025-06-14,Torno CNC 03,Usinagem,Manhã,3,78.0,1.9,200,2,1.0,99.0,6,Junho,520.0,2.0,2025,Romi,GL 240,2019.0,550.0,42.5,Carlos Mendes,2025-01-15
165,2025-06-15,Torno CNC 03,Usinagem,Tarde,2,77.5,2.85,208,3,1.4423076923076923,98.5576923076923,6,Junho,520.0,2.0,2025,Romi,GL 240,2019.0,550.0,42.5,Carlos Mendes,2025-01-15
166,2025-06-16,Torno CNC 03,Usinagem,Manhã,9,79.3,2.3,572,7,1.2237762237762235,98.77622377622376,6,Junho,520.0,2.0,2025,Romi,GL 240,2019.0,550.0,42.5,Carlos Mendes,2025-01-15
167,2025-06-17,Torno CNC 03,Usinagem,Tarde,8,73.1,1.9,519,8,1.5414258188824663,98.45857418111753,6,Junho,520.0,2.0,2025,Romi,GL 240,2019.0,550.0,42.5,Carlos Mendes,2025-01-15
168,2025-06-18,Torno CNC 03,Usinagem,Manhã,5,75.4,1.82,549,2,0.3642987249544626,99.63570127504552,6,Junho,520.0,2.0,2025,Romi,GL 240,2019.0,550.0,42.5,Carlos Mendes,2025-01-15
169,2025-06-19,Torno CNC 03,Usinagem,Tarde,9,77.0,2.63,506,4,0.7905138339920948,99.2094861660079,6,Junho,520.0,2.0,2025,Romi,GL 240,2019.0,550.0,42.5,Carlos Mendes,2025-01-15
170,2025-06-20,Torno CNC 03,Usinagem,Manhã,6,81.1,2.0,577,2,0.3466204506065857,99.65337954939342,6,Junho,520.0,2.0,2025,Romi,GL 240,2019.0,550.0,42.5,Carlos Mendes,2025-01-15
171,2025-06-21,Torno CNC 03,Usinagem,Tarde,3,83.8,2.78,180,5,2.7777777777777777,97.22222222222224,6,Junho,520.0,2.0,2025,Romi,GL 240,2019.0,550.0,42.5,Carlos Mendes,2025-01-15
172,2025-06-22,Torno CNC 03,Usinagem,Manhã,2,76.3,2.23,160,4,2.5,97.5,6,Junho,520.0,2.0,2025,Romi,GL 240,2019.0,550.0,42.5,Carlos Mendes,2025-01-15
173,2025-06-23,Torno CNC 03,Usinagem,Tarde,10,80.8,2.72,520,8,1.5384615384615383,98.46153846153848,6,Junho,520.0,2.0,2025,Romi,GL 240,2019.0,550.0,42.5,Carlos Mendes,2025-01-15
174,2025-06-24,Torno CNC 03,Usinagem,Manhã,8,81.7,1.65,498,9,1.8072289156626504,98.19277108433737,6,Junho,520.0,2.0,2025,Romi,GL 240,2019.0,550.0,42.5,Carlos Mendes,2025-01-15
175,2025-06-25,Torno CNC 03,Usinagem,Tarde,10,76.1,2.54,470,4,0.851063829787234,99.14893617021276,6,Junho,520.0,2.0,2025,Romi,GL 240,2019.0,550.0,42.5,Carlos Mendes,2025-01-15
176,2025-06-26,Torno CNC 03,Usinagem,Manhã,5,83.1,2.43,549,5,0.9107468123861568,99.08925318761383,6,Junho,520.0,2.0,2025,Romi,GL 240,2019.0,550.0,42.5,Carlos Mendes,2025-01-15
177,2025-06-27,Torno CNC 03,Usinagem,Tarde,8,79.3,1.98,533,8,1.50093808630394,98.49906191369604,6,Junho,520.0,2.0,2025,Romi,GL 240,2019.0,550.0,42.5,Carlos Mendes,2025-01-15
178,2025-06-28,Torno CNC 03,Usinagem,Manhã,5,78.7,2.09,198,4,2.0202020202020203,97.97979797979798,6,Junho,520.0,2.0,2025,Romi,GL 240,2019.0,550.0,42.5,Carlos Mendes,2025-01-15
179,2025-06-29,Torno CNC 03,Usinagem,Tarde,5,79.4,2.71,205,2,0.975609756097561,99.02439024390245,6,Junho,520.0,2.0,2025,Romi,GL 240,2019.0,550.0,42.5,Carlos Mendes,2025-01-15
180,2025-06-30,Torno CNC 03,Usinagem,Manhã,11,73.5,2.64,507,8,1.5779092702169626,98.42209072978304,6,Junho,520.0,2.0,2025,Romi,GL 240,2019.0,550.0,42.5,Carlos Mendes,2025-01-15
181,2025-01-01,Prensa 12,Estamparia,Manhã,8,85.3,2.46,345,10,2.898550724637681,97.10144927536231,1,Janeiro,350.0,3.0,2025,Schuler,PDS 400,2015.0,400.0,35.8,Fernanda Silva,2025-02-10
182,2025-01-02,Prensa 12,Estamparia,Tarde,6,80.9,2.74,324,8,2.469135802469136,97.53086419753086,1,Janeiro,350.0,3.0,2025,Schuler,PDS 400,2015.0,400.0,35.8,Fernanda Silva,2025-02-10
183,2025-01-03,Prensa 12,Estamparia,Manhã,5,79.1,3.28,251,10,3.98406374501992,96.01593625498008,1,Janeiro,350.0,3.0,2025,Schuler,PDS 400,2015.0,400.0,35.8,Fernanda Silva,2025-02-10
184,2025-01-04,Prensa 12,Estamparia,Tarde,5,79.6,3.09,128,5,3.90625,96.09375,1,Janeiro,350.0,3.0,2025,Schuler,PDS 400,2015.0,400.0,35.8,Fernanda Silva,2025-02-10
185,2025-01-05,Prensa 12,Estamparia,Manhã,3,78.4,2.21,115,8,6.956521739130435,93.04347826086956,1,Janeiro,350.0,3.0,2025,Schuler,PDS 400,2015.0,400.0,35.8,Fernanda Silva,2025-02-10
186,2025-01-06,Prensa 12,Estamparia,Tarde,9,82.6,2.31,331,10,3.0211480362537766,96.97885196374622,1,Janeiro,350.0,3.0,2025,Schuler,PDS 400,2015.0,400.0,35.8,Fernanda Silva,2025-02-10
187,2025-01-07,Prensa 12,Estamparia,Manhã,10,76.9,2.46,334,11,3.293413173652695,96.7065868263473,1,Janeiro,350.0,3.0,2025,Schuler,PDS 400,2015.0,400.0,35.8,Fernanda Silva,2025-02-10
188,2025-01-08,Prensa 12,Estamparia,Tarde,10,82.8,2.89,363,8,2.203856749311295,97.7961432506887,1,Janeiro,350.0,3.0,2025,Schuler,PDS 400,2015.0,400.0,35.8,Fernanda Silva,2025-02-10
189,2025-01-09,Prensa 12,Estamparia,Manhã,6,85.0,2.55,341,11,3.225806451612903,96.7741935483871,1,Janeiro,350.0,3.0,2025,Schuler,PDS 400,2015.0,400.0,35.8,Fernanda Silva,2025-02-10
190,2025-01-10,Prensa 12,Estamparia,Tarde,10,81.0,2.66,285,6,2.1052631578947367,97.89473684210526,1,Janeiro,350.0,3.0,2025,Schuler,PDS 400,2015.0,400.0,35.8,Fernanda Silva,2025-02-10
191,2025-01-11,Prensa 12,Estamparia,Manhã,4,83.7,2.32,79,2,2.5316455696202533,97.46835443037976,1,Janeiro,350.0,3.0,2025,Schuler,PDS 400,2015.0,400.0,35.8,Fernanda Silva,2025-02-10
192,2025-01-12,Prensa 12,Estamparia,Tarde,4,83.7,2.07,165,7,4.242424242424243,95.75757575757576,1,Janeiro,350.0,3.0,2025,Schuler,PDS 400,2015.0,400.0,35.8,Fernanda Silva,2025-02-10
193,2025-01-13,Prensa 12,Estamparia,Manhã,10,81.1,2.34,339,5,1.4749262536873156,98.52507374631269,1,Janeiro,350.0,3.0,2025,Schuler,PDS 400,2015.0,400.0,35.8,Fernanda Silva,2025-02-10
194,2025-01-14,Prensa 12,Estamparia,Tarde,11,83.8,2.14,322,3,0.9316770186335404,99.06832298136646,1,Janeiro,350.0,3.0,2025,Schuler,PDS 400,2015.0,400.0,35.8,Fernanda Silva,2025-02-10
195,2025-01-15,Prensa 12,Estamparia,Manhã,5,80.0,2.49,328,10,3.048780487804878,96.95121951219512,1,Janeiro,350.0,3.0,2025,Schuler,PDS 400,2015.0,400.0,35.8,Fernanda Silva,2025-02-10
196,2025-01-16,Prensa 12,Estamparia,Tarde,5,87.0,2.39,299,4,1.3377926421404682,98.66220735785951,1,Janeiro,350.0,3.0,2025,Schuler,PDS 400,2015.0,400.0,35.8,Fernanda Silva,2025-02-10
197,2025-01-17,Prensa 12,Estamparia,Manhã,7,88.9,2.51,306,2,0.6535947712418301,99.34640522875816,1,Janeiro,350.0,3.0,2025,Schuler,PDS 400,2015.0,400.0,35.8,Fernanda Silva,2025-02-10
198,2025-01-18,Prensa 12,Estamparia,Tarde,2,84.0,2.9,91,9,9.89010989010989,90.1098901098901,1,Janeiro,350.0,3.0,2025,Schuler,PDS 400,2015.0,400.0,35.8,Fernanda Silva,2025-02-10
199,2025-01-19,Prensa 12,Estamparia,Manhã,4,82.1,2.85,128,8,6.25,93.75,1,Janeiro,350.0,3.0,2025,Schuler,PDS 400,2015.0,400.0,35.8,Fernanda Silva,2025-02-10
200,2025-01-20,Prensa 12,Estamparia,Tarde,9,84.5,2.74,321,11,3.4267912772585665,96.57320872274144,1,Janeiro,350.0,3.0,2025,Schuler,PDS 400,2015.0,400.0,35.8,Fernanda Silva,2025-02-10
201,2025-01-21,Prensa 12,Estamparia,Manhã,5,77.0,2.73,328,8,2.4390243902439024,97.5609756097561,1,Janeiro,350.0,3.0,2025,Schuler,PDS 400,2015.0,400.0,35.8,Fernanda Silva,2025-02-10
202,2025-01-22,Prensa 12,Estamparia,Tarde,6,84.5,2.64,334,3,0.8982035928143712,99.10179640718565,1,Janeiro,350.0,3.0,2025,Schuler,PDS 400,2015.0,400.0,35.8,Fernanda Silva,2025-02-10
203,2025-01-23,Prensa 12,Estamparia,Manhã,7,81.4,2.59,340,5,1.4705882352941175,98.52941176470588,1,Janeiro,350.0,3.0,2025,Schuler,PDS 400,2015.0,400.0,35.8,Fernanda Silva,2025-02-10
204,2025-01-24,Prensa 12,Estamparia,Tarde,11,86.1,1.79,357,9,2.5210084033613445,97.47899159663864,1,Janeiro,350.0,3.0,2025,Schuler,PDS 400,2015.0,400.0,35.8,Fernanda Silva,2025-02-10
205,2025-01-25,Prensa 12,Estamparia,Manhã,4,85.9,2.34,182,4,2.197802197802198,97.8021978021978,1,Janeiro,350.0,3.0,2025,Schuler,PDS 400,2015.0,400.0,35.8,Fernanda Silva,2025-02-10
206,2025-01-26,Prensa 12,Estamparia,Tarde,2,74.4,2.99,149,9,6.04026845637584,93.95973154362416,1,Janeiro,350.0,3.0,2025,Schuler,PDS 400,2015.0,400.0,35.8,Fernanda Silva,2025-02-10
207,2025-01-27,Prensa 12,Estamparia,Manhã,5,76.3,3.21,336,3,0.8928571428571428,99.10714285714286,1,Janeiro,350.0,3.0,2025,Schuler,PDS 400,2015.0,400.0,35.8,Fernanda Silva,2025-02-10
208,2025-01-28,Prensa 12,Estamparia,Tarde,5,82.8,2.87,326,4,1.2269938650306749,98.77300613496932,1,Janeiro,350.0,3.0,2025,Schuler,PDS 400,2015.0,400.0,35.8,Fernanda Silva,2025-02-10
209,2025-01-29,Prensa 12,Estamparia,Manhã,7,85.2,2.44,359,6,1.6713091922005572,98.32869080779945,1,Janeiro,350.0,3.0,2025,Schuler,PDS 400,2015.0,400.0,35.8,Fernanda Silva,2025-02-10
210,2025-01-30,Prensa 12,Estamparia,Tarde,8,84.8,2.69,282,6,2.127659574468085,97.87234042553192,1,Janeiro,350.0,3.0,2025,Schuler,PDS 400,2015.0,400.0,35.8,Fernanda Silva,2025-02-10
211,2025-01-31,Prensa 12,Estamparia,Manhã,5,76.7,2.47,317,9,2.8391167192429023,97.1608832807571,1,Janeiro,350.0,3.0,2025,Schuler,PDS 400,2015.0,400.0,35.8,Fernanda Silva,2025-02-10
212,2025-02-01,Prensa 12,Estamparia,Tarde,3,83.4,2.82,74,6,8.108108108108109,91.89189189189187,2,Fevereiro,354.0,2.9,2025,Schuler,PDS 400,2015.0,400.0,35.8,Fernanda Silva,2025-02-10
213,2025-02-02,Prensa 12,Estamparia,Manhã,3,83.9,2.31,107,11,10.2803738317757,89.7196261682243,2,Fevereiro,354.0,2.9,2025,Schuler,PDS 400,2015.0,400.0,35.8,Fernanda Silva,2025-02-10
214,2025-02-03,Prensa 12,Estamparia,Tarde,9,85.0,2.54,323,3,0.9287925696594428,99.07120743034056,2,Fevereiro,354.0,2.9,2025,Schuler,PDS 400,2015.0,400.0,35.8,Fernanda Silva,2025-02-10
215,2025-02-04,Prensa 12,Estamparia,Manhã,5,84.0,2.57,326,9,2.7607361963190185,97.23926380368098,2,Fevereiro,354.0,2.9,2025,Schuler,PDS 400,2015.0,400.0,35.8,Fernanda Silva,2025-02-10
216,2025-02-05,Prensa 12,Estamparia,Tarde,8,80.6,2.78,322,10,3.1055900621118013,96.8944099378882,2,Fevereiro,354.0,2.9,2025,Schuler,PDS 400,2015.0,400.0,35.8,Fernanda Silva,2025-02-10
217,2025-02-06,Prensa 12,Estamparia,Manhã,5,80.5,2.75,355,8,2.2535211267605635,97.74647887323944,2,Fevereiro,354.0,2.9,2025,Schuler,PDS 400,2015.0,400.0,35.8,Fernanda Silva,2025-02-10
218,2025-02-07,Prensa 12,Estamparia,Tarde,5,89.5,2.74,283,4,1.413427561837456,98.58657243816256,2,Fevereiro,354.0,2.9,2025,Schuler,PDS 400,2015.0,400.0,35.8,Fernanda Silva,2025-02-10
219,2025-02-08,Prensa 12,Estamparia,Manhã,3,82.5,2.65,114,4,3.508771929824561,96.49122807017544,2,Fevereiro,354.0,2.9,2025,Schuler,PDS 400,2015.0,400.0,35.8,Fernanda Silva,2025-02-10
220,2025-02-09,Prensa 12,Estamparia,Tarde,5,88.7,2.4,58,10,17.24137931034483,82.75862068965517,2,Fevereiro,354.0,2.9,2025,Schuler,PDS 400,2015.0,400.0,35.8,Fernanda Silva,2025-02-10
221,2025-02-10,Prensa 12,Estamparia,Manhã,7,79.4,2.76,353,6,1.69971671388102,98.30028328611898,2,Fevereiro,354.0,2.9,2025,Schuler,PDS 400,2015.0,400.0,35.8,Fernanda Silva,2025-02-10
222,2025-02-11,Prensa 12,Estamparia,Tarde,7,81.5,2.36,291,6,2.061855670103093,97.93814432989691,2,Fevereiro,354.0,2.9,2025,Schuler,PDS 400,2015.0,400.0,35.8,Fernanda Silva,2025-02-10
223,2025-02-12,Prensa 12,Estamparia,Manhã,6,79.8,2.77,327,6,1.834862385321101,98.1651376146789,2,Fevereiro,354.0,2.9,2025,Schuler,PDS 400,2015.0,400.0,35.8,Fernanda Silva,2025-02-10
224,2025-02-13,Prensa 12,Estamparia,Tarde,9,82.0,2.96,389,11,2.827763496143959,97.17223650385604,2,Fevereiro,354.0,2.9,2025,Schuler,PDS 400,2015.0,400.0,35.8,Fernanda Silva,2025-02-10
225,2025-02-14,Prensa 12,Estamparia,Manhã,7,80.4,3.0,298,2,0.6711409395973155,99.32885906040268,2,Fevereiro,354.0,2.9,2025,Schuler,PDS 400,2015.0,400.0,35.8,Fernanda Silva,2025-02-10
226,2025-02-15,Prensa 12,Estamparia,Tarde,3,85.3,2.62,98,10,10.20408163265306,89.79591836734694,2,Fevereiro,354.0,2.9,2025,Schuler,PDS 400,2015.0,400.0,35.8,Fernanda Silva,2025-02-10
227,2025-02-16,Prensa 12,Estamparia,Manhã,2,80.6,2.75,136,11,8.088235294117647,91.91176470588236,2,Fevereiro,354.0,2.9,2025,Schuler,PDS 400,2015.0,400.0,35.8,Fernanda Silva,2025-02-10
228,2025-02-17,Prensa 12,Estamparia,Tarde,8,86.1,2.79,322,6,1.8633540372670807,98.13664596273291,2,Fevereiro,354.0,2.9,2025,Schuler,PDS 400,2015.0,400.0,35.8,Fernanda Silva,2025-02-10
229,2025-02-18,Prensa 12,Estamparia,Manhã,10,82.4,3.07,335,8,2.388059701492537,97.61194029850746,2,Fevereiro,354.0,2.9,2025,Schuler,PDS 400,2015.0,400.0,35.8,Fernanda Silva,2025-02-10
230,2025-02-19,Prensa 12,Estamparia,Tarde,6,84.5,2.15,328,3,0.9146341463414632,99.08536585365852,2,Fevereiro,354.0,2.9,2025,Schuler,PDS 400,2015.0,400.0,35.8,Fernanda Silva,2025-02-10
231,2025-02-20,Prensa 12,Estamparia,Manhã,8,82.3,2.48,310,8,2.5806451612903225,97.41935483870968,2,Fevereiro,354.0,2.9,2025,Schuler,PDS 400,2015.0,400.0,35.8,Fernanda Silva,2025-02-10
232,2025-02-21,Prensa 12,Estamparia,Tarde,6,85.6,2.53,298,6,2.013422818791946,97.98657718120803,2,Fevereiro,354.0,2.9,2025,Schuler,PDS 400,2015.0,400.0,35.8,Fernanda Silva,2025-02-10
233,2025-02-22,Prensa 12,Estamparia,Manhã,2,80.8,2.43,127,5,3.937007874015748,96.06299212598424,2,Fevereiro,354.0,2.9,2025,Schuler,PDS 400,2015.0,400.0,35.8,Fernanda Silva,2025-02-10
234,2025-02-23,Prensa 12,Estamparia,Tarde,3,84.3,2.89,97,9,9.278350515463918,90.72164948453609,2,Fevereiro,354.0,2.9,2025,Schuler,PDS 400,2015.0,400.0,35.8,Fernanda Silva,2025-02-10
235,2025-02-24,Prensa 12,Estamparia,Manhã,7,81.9,2.42,375,4,1.0666666666666669,98.93333333333334,2,Fevereiro,354.0,2.9,2025,Schuler,PDS 400,2015.0,400.0,35.8,Fernanda Silva,2025-02-10
236,2025-02-25,Prensa 12,Estamparia,Tarde,8,86.7,2.58,314,3,0.9554140127388536,99.04458598726114,2,Fevereiro,354.0,2.9,2025,Schuler,PDS 400,2015.0,400.0,35.8,Fernanda Silva,2025-02-10
237,2025-02-26,Prensa 12,Estamparia,Manhã,9,87.6,2.63,357,5,1.400560224089636,98.59943977591035,2,Fevereiro,354.0,2.9,2025,Schuler,PDS 400,2015.0,400.0,35.8,Fernanda Silva,2025-02-10
238,2025-02-27,Prensa 12,Estamparia,Tarde,6,79.8,2.82,339,6,1.7699115044247788,98.23008849557522,2,Fevereiro,354.0,2.9,2025,Schuler,PDS 400,2015.0,400.0,35.8,Fernanda Silva,2025-02-10
239,2025-02-28,Prensa 12,Estamparia,Manhã,7,82.7,2.05,314,11,3.5031847133757963,96.4968152866242,2,Fevereiro,354.0,2.9,2025,Schuler,PDS 400,2015.0,400.0,35.8,Fernanda Silva,2025-02-10
240,2025-03-01,Prensa 12,Estamparia,Tarde,5,84.8,2.86,124,9,7.258064516129033,92.74193548387096,3,Março,358.0,2.8,2025,Schuler,PDS 400,2015.0,400.0,35.8,Fernanda Silva,2025-02-10
241,2025-03-02,Prensa 12,Estamparia,Manhã,5,81.1,2.25,179,9,5.027932960893855,94.97206703910616,3,Março,358.0,2.8,2025,Schuler,PDS 400,2015.0,400.0,35.8,Fernanda Silva,2025-02-10
242,2025-03-03,Prensa 12,Estamparia,Tarde,8,82.8,2.53,346,3,0.8670520231213872,99.1329479768786,3,Março,358.0,2.8,2025,Schuler,PDS 400,2015.0,400.0,35.8,Fernanda Silva,2025-02-10
243,2025-03-04,Prensa 12,Estamparia,Manhã,8,84.2,2.75,322,11,3.4161490683229814,96.58385093167702,3,Março,358.0,2.8,2025,Schuler,PDS 400,2015.0,400.0,35.8,Fernanda Silva,2025-02-10
244,2025-03-05,Prensa 12,Estamparia,Tarde,7,81.5,2.2,293,10,3.4129692832764507,96.58703071672356,3,Março,358.0,2.8,2025,Schuler,PDS 400,2015.0,400.0,35.8,Fernanda Silva,2025-02-10
245,2025-03-06,Prensa 12,Estamparia,Manhã,10,83.8,2.43,317,7,2.2082018927444795,97.79179810725552,3,Março,358.0,2.8,2025,Schuler,PDS 400,2015.0,400.0,35.8,Fernanda Silva,2025-02-10
246,2025-03-07,Prensa 12,Estamparia,Tarde,10,84.7,2.08,337,2,0.5934718100890208,99.40652818991096,3,Março,358.0,2.8,2025,Schuler,PDS 400,2015.0,400.0,35.8,Fernanda Silva,2025-02-10
247,2025-03-08,Prensa 12,Estamparia,Manhã,5,81.9,3.19,106,3,2.8301886792452837,97.16981132075472,3,Março,358.0,2.8,2025,Schuler,PDS 400,2015.0,400.0,35.8,Fernanda Silva,2025-02-10
248,2025-03-09,Prensa 12,Estamparia,Tarde,3,85.6,2.82,139,10,7.194244604316546,92.80575539568343,3,Março,358.0,2.8,2025,Schuler,PDS 400,2015.0,400.0,35.8,Fernanda Silva,2025-02-10
249,2025-03-10,Prensa 12,Estamparia,Manhã,5,84.5,2.65,307,7,2.280130293159609,97.71986970684038,3,Março,358.0,2.8,2025,Schuler,PDS 400,2015.0,400.0,35.8,Fernanda Silva,2025-02-10
250,2025-03-11,Prensa 12,Estamparia,Tarde,10,80.2,2.26,331,10,3.0211480362537766,96.97885196374622,3,Março,358.0,2.8,2025,Schuler,PDS 400,2015.0,400.0,35.8,Fernanda Silva,2025-02-10
251,2025-03-12,Prensa 12,Estamparia,Manhã,9,79.7,2.18,302,7,2.3178807947019866,97.682119205298,3,Março,358.0,2.8,2025,Schuler,PDS 400,2015.0,400.0,35.8,Fernanda Silva,2025-02-10
252,2025-03-13,Prensa 12,Estamparia,Tarde,11,83.9,2.31,339,4,1.1799410029498525,98.82005899705015,3,Março,358.0,2.8,2025,Schuler,PDS 400,2015.0,400.0,35.8,Fernanda Silva,2025-02-10
253,2025-03-14,Prensa 12,Estamparia,Manhã,7,82.4,2.62,314,3,0.9554140127388536,99.04458598726114,3,Março,358.0,2.8,2025,Schuler,PDS 400,2015.0,400.0,35.8,Fernanda Silva,2025-02-10
254,2025-03-15,Prensa 12,Estamparia,Tarde,5,83.2,2.8,101,8,7.920792079207921,92.07920792079209,3,Março,358.0,2.8,2025,Schuler,PDS 400,2015.0,400.0,35.8,Fernanda Silva,2025-02-10
255,2025-03-16,Prensa 12,Estamparia,Manhã,4,85.3,2.63,139,11,7.913669064748201,92.0863309352518,3,Março,358.0,2.8,2025,Schuler,PDS 400,2015.0,400.0,35.8,Fernanda Silva,2025-02-10
256,2025-03-17,Prensa 12,Estamparia,Tarde,10,88.2,2.39,374,3,0.8021390374331552,99.19786096256684,3,Março,358.0,2.8,2025,Schuler,PDS 400,2015.0,400.0,35.8,Fernanda Silva,2025-02-10
257,2025-03-18,Prensa 12,Estamparia,Manhã,10,82.6,3.12,358,10,2.793296089385475,97.20670391061452,3,Março,358.0,2.8,2025,Schuler,PDS 400,2015.0,400.0,35.8,Fernanda Silva,2025-02-10
258,2025-03-19,Prensa 12,Estamparia,Tarde,9,77.3,2.92,373,8,2.1447721179624666,97.85522788203754,3,Março,358.0,2.8,2025,Schuler,PDS 400,2015.0,400.0,35.8,Fernanda Silva,2025-02-10
259,2025-03-20,Prensa 12,Estamparia,Manhã,9,81.4,2.59,385,3,0.7792207792207793,99.22077922077922,3,Março,358.0,2.8,2025,Schuler,PDS 400,2015.0,400.0,35.8,Fernanda Silva,2025-02-10
260,2025-03-21,Prensa 12,Estamparia,Tarde,10,79.2,2.83,303,4,1.32013201320132,98.67986798679868,3,Março,358.0,2.8,2025,Schuler,PDS 400,2015.0,400.0,35.8,Fernanda Silva,2025-02-10
261,2025-03-22,Prensa 12,Estamparia,Manhã,2,83.7,2.52,74,6,8.108108108108109,91.89189189189187,3,Março,358.0,2.8,2025,Schuler,PDS 400,2015.0,400.0,35.8,Fernanda Silva,2025-02-10
262,2025-03-23,Prensa 12,Estamparia,Tarde,4,85.4,2.52,151,5,3.3112582781456954,96.6887417218543,3,Março,358.0,2.8,2025,Schuler,PDS 400,2015.0,400.0,35.8,Fernanda Silva,2025-02-10
263,2025-03-24,Prensa 12,Estamparia,Manhã,8,84.3,2.13,382,6,1.5706806282722512,98.42931937172774,3,Março,358.0,2.8,2025,Schuler,PDS 400,2015.0,400.0,35.8,Fernanda Silva,2025-02-10
264,2025-03-25,Prensa 12,Estamparia,Tarde,6,85.2,2.59,327,11,3.3639143730886847,96.63608562691132,3,Março,358.0,2.8,2025,Schuler,PDS 400,2015.0,400.0,35.8,Fernanda Silva,2025-02-10
265,2025-03-26,Prensa 12,Estamparia,Manhã,7,84.7,2.84,336,4,1.1904761904761905,98.8095238095238,3,Março,358.0,2.8,2025,Schuler,PDS 400,2015.0,400.0,35.8,Fernanda Silva,2025-02-10
266,2025-03-27,Prensa 12,Estamparia,Tarde,9,85.7,2.56,351,5,1.4245014245014245,98.57549857549856,3,Março,358.0,2.8,2025,Schuler,PDS 400,2015.0,400.0,35.8,Fernanda Silva,2025-02-10
267,2025-03-28,Prensa 12,Estamparia,Manhã,10,79.8,2.43,315,3,0.9523809523809524,99.04761904761904,3,Março,358.0,2.8,2025,Schuler,PDS 400,2015.0,400.0,35.8,Fernanda Silva,2025-02-10
268,2025-03-29,Prensa 12,Estamparia,Tarde,4,79.9,2.56,94,9,9.574468085106384,90.4255319148936,3,Março,358.0,2.8,2025,Schuler,PDS 400,2015.0,400.0,35.8,Fernanda Silva,2025-02-10
269,2025-03-30,Prensa 12,Estamparia,Manhã,4,81.6,2.94,73,7,9.58904109589041,90.4109589041096,3,Março,358.0,2.8,2025,Schuler,PDS 400,2015.0,400.0,35.8,Fernanda Silva,2025-02-10
270,2025-03-31,Prensa 12,Estamparia,Tarde,5,83.1,2.57,353,2,0.56657223796034,99.43342776203966,3,Março,358.0,2.8,2025,Schuler,PDS 400,2015.0,400.0,35.8,Fernanda Silva,2025-02-10
271,2025-04-01,Prensa 12,Estamparia,Manhã,8,78.3,5.99,179,30,16.75977653631285,83.24022346368716,4,Abril,362.0,2.7,2025,Schuler,PDS 400,2015.0,400.0,35.8,Fernanda Silva,2025-02-10
272,2025-04-02,Prensa 12,Estamparia,Tarde,6,80.0,7.02,189,18,9.523809523809524,90.47619047619048,4,Abril,362.0,2.7,2025,Schuler,PDS 400,2015.0,400.0,35.8,Fernanda Silva,2025-02-10
273,2025-04-03,Prensa 12,Estamparia,Manhã,5,77.8,6.11,178,29,16.292134831460675,83.70786516853933,4,Abril,362.0,2.7,2025,Schuler,PDS 400,2015.0,400.0,35.8,Fernanda Silva,2025-02-10
274,2025-04-04,Prensa 12,Estamparia,Tarde,9,85.6,7.17,197,29,14.720812182741115,85.27918781725889,4,Abril,362.0,2.7,2025,Schuler,PDS 400,2015.0,400.0,35.8,Fernanda Silva,2025-02-10
275,2025-04-05,Prensa 12,Estamparia,Manhã,4,82.7,6.63,57,27,47.368421052631575,52.631578947368425,4,Abril,362.0,2.7,2025,Schuler,PDS 400,2015.0,400.0,35.8,Fernanda Silva,2025-02-10
276,2025-04-06,Prensa 12,Estamparia,Tarde,2,80.6,6.68,73,18,24.65753424657534,75.34246575342466,4,Abril,362.0,2.7,2025,Schuler,PDS 400,2015.0,400.0,35.8,Fernanda Silva,2025-02-10
277,2025-04-07,Prensa 12,Estamparia,Manhã,7,83.3,5.92,188,29,15.425531914893616,84.57446808510639,4,Abril,362.0,2.7,2025,Schuler,PDS 400,2015.0,400.0,35.8,Fernanda Silva,2025-02-10
278,2025-04-08,Prensa 12,Estamparia,Tarde,10,90.8,6.47,169,22,13.017751479289942,86.98224852071006,4,Abril,362.0,2.7,2025,Schuler,PDS 400,2015.0,400.0,35.8,Fernanda Silva,2025-02-10
279,2025-04-09,Prensa 12,Estamparia,Manhã,5,83.5,2.38,346,7,2.023121387283237,97.97687861271676,4,Abril,362.0,2.7,2025,Schuler,PDS 400,2015.0,400.0,35.8,Fernanda Silva,2025-02-10
280,2025-04-10,Prensa 12,Estamparia,Tarde,9,81.7,2.59,351,9,2.564102564102564,97.43589743589745,4,Abril,362.0,2.7,2025,Schuler,PDS 400,2015.0,400.0,35.8,Fernanda Silva,2025-02-10
281,2025-04-11,Prensa 12,Estamparia,Manhã,5,80.4,2.93,364,4,1.098901098901099,98.9010989010989,4,Abril,362.0,2.7,2025,Schuler,PDS 400,2015.0,400.0,35.8,Fernanda Silva,2025-02-10
282,2025-04-12,Prensa 12,Estamparia,Tarde,4,78.7,3.09,98,3,3.061224489795918,96.93877551020408,4,Abril,362.0,2.7,2025,Schuler,PDS 400,2015.0,400.0,35.8,Fernanda Silva,2025-02-10
283,2025-04-13,Prensa 12,Estamparia,Manhã,3,82.9,2.12,140,2,1.4285714285714286,98.57142857142856,4,Abril,362.0,2.7,2025,Schuler,PDS 400,2015.0,400.0,35.8,Fernanda Silva,2025-02-10
284,2025-04-14,Prensa 12,Estamparia,Tarde,5,81.2,2.45,342,7,2.046783625730994,97.953216374269,4,Abril,362.0,2.7,2025,Schuler,PDS 400,2015.0,400.0,35.8,Fernanda Silva,2025-02-10
285,2025-04-15,Prensa 12,Estamparia,Manhã,10,79.6,2.57,354,3,0.847457627118644,99.15254237288136,4,Abril,362.0,2.7,2025,Schuler,PDS 400,2015.0,400.0,35.8,Fernanda Silva,2025-02-10
286,2025-04-16,Prensa 12,Estamparia,Tarde,6,80.9,2.83,327,7,2.140672782874617,97.85932721712538,4,Abril,362.0,2.7,2025,Schuler,PDS 400,2015.0,400.0,35.8,Fernanda Silva,2025-02-10
287,2025-04-17,Prensa 12,Estamparia,Manhã,11,84.8,2.22,294,6,2.0408163265306123,97.95918367346938,4,Abril,362.0,2.7,2025,Schuler,PDS 400,2015.0,400.0,35.8,Fernanda Silva,2025-02-10
288,2025-04-18,Prensa 12,Estamparia,Tarde,7,79.0,1.95,319,7,2.19435736677116,97.80564263322884,4,Abril,362.0,2.7,2025,Schuler,PDS 400,2015.0,400.0,35.8,Fernanda Silva,2025-02-10
289,2025-04-19,Prensa 12,Estamparia,Manhã,3,78.0,2.24,125,11,8.799999999999999,91.2,4,Abril,362.0,2.7,2025,Schuler,PDS 400,2015.0,400.0,35.8,Fernanda Silva,2025-02-10
290,2025-04-20,Prensa 12,Estamparia,Tarde,3,75.3,2.4,119,7,5.88235294117647,94.11764705882354,4,Abril,362.0,2.7,2025,Schuler,PDS 400,2015.0,400.0,35.8,Fernanda Silva,2025-02-10
291,2025-04-21,Prensa 12,Estamparia,Manhã,8,85.4,2.18,294,6,2.0408163265306123,97.95918367346938,4,Abril,362.0,2.7,2025,Schuler,PDS 400,2015.0,400.0,35.8,Fernanda Silva,2025-02-10
292,2025-04-22,Prensa 12,Estamparia,Tarde,11,89.0,2.82,353,3,0.84985835694051,99.15014164305948,4,Abril,362.0,2.7,2025,Schuler,PDS 400,2015.0,400.0,35.8,Fernanda Silva,2025-02-10
293,2025-04-23,Prensa 12,Estamparia,Manhã,8,83.7,2.83,343,10,2.915451895043732,97.08454810495628,4,Abril,362.0,2.7,2025,Schuler,PDS 400,2015.0,400.0,35.8,Fernanda Silva,2025-02-10
294,2025-04-24,Prensa 12,Estamparia,Tarde,8,81.4,2.77,335,6,1.791044776119403,98.2089552238806,4,Abril,362.0,2.7,2025,Schuler,PDS 400,2015.0,400.0,35.8,Fernanda Silva,2025-02-10
295,2025-04-25,Prensa 12,Estamparia,Manhã,8,79.1,2.76,341,4,1.1730205278592376,98.82697947214076,4,Abril,362.0,2.7,2025,Schuler,PDS 400,2015.0,400.0,35.8,Fernanda Silva,2025-02-10
296,2025-04-26,Prensa 12,Estamparia,Tarde,5,84.8,2.13,93,5,5.376344086021505,94.6236559139785,4,Abril,362.0,2.7,2025,Schuler,PDS 400,2015.0,400.0,35.8,Fernanda Silva,2025-02-10
297,2025-04-27,Prensa 12,Estamparia,Manhã,3,84.8,2.56,114,11,9.649122807017545,90.35087719298244,4,Abril,362.0,2.7,2025,Schuler,PDS 400,2015.0,400.0,35.8,Fernanda Silva,2025-02-10
298,2025-04-28,Prensa 12,Estamparia,Tarde,11,87.5,2.67,341,11,3.225806451612903,96.7741935483871,4,Abril,362.0,2.7,2025,Schuler,PDS 400,2015.0,400.0,35.8,Fernanda Silva,2025-02-10
299,2025-04-29,Prensa 12,Estamparia,Manhã,8,79.2,2.35,333,7,2.1021021021021022,97.89789789789788,4,Abril,362.0,2.7,2025,Schuler,PDS 400,2015.0,400.0,35.8,Fernanda Silva,2025-02-10
300,2025-04-30,Prensa 12,Estamparia,Tarde,5,83.4,1.92,343,10,2.915451895043732,97.08454810495628,4,Abril,362.0,2.7,2025,Schuler,PDS 400,2015.0,400.0,35.8,Fernanda Silva,2025-02-10
301,2025-05-01,Prensa 12,Estamparia,Manhã,6,88.8,2.75,305,11,3.606557377049181,96.3934426229508,5,Maio,366.0,2.6,2025,Schuler,PDS 400,2015.0,400.0,35.8,Fernanda Silva,2025-02-10
302,2025-05-02,Prensa 12,Estamparia,Tarde,5,78.3,2.39,319,4,1.2539184952978055,98.7460815047022,5,Maio,366.0,2.6,2025,Schuler,PDS 400,2015.0,400.0,35.8,Fernanda Silva,2025-02-10
303,2025-05-03,Prensa 12,Estamparia,Manhã,5,84.7,3.15,97,3,3.0927835051546397,96.90721649484536,5,Maio,366.0,2.6,2025,Schuler,PDS 400,2015.0,400.0,35.8,Fernanda Silva,2025-02-10
304,2025-05-04,Prensa 12,Estamparia,Tarde,4,79.5,3.24,88,4,4.545454545454546,95.45454545454544,5,Maio,366.0,2.6,2025,Schuler,PDS 400,2015.0,400.0,35.8,Fernanda Silva,2025-02-10
305,2025-05-05,Prensa 12,Estamparia,Manhã,8,82.9,2.49,349,2,0.5730659025787965,99.4269340974212,5,Maio,366.0,2.6,2025,Schuler,PDS 400,2015.0,400.0,35.8,Fernanda Silva,2025-02-10
306,2025-05-06,Prensa 12,Estamparia,Tarde,10,82.1,2.56,362,11,3.0386740331491717,96.96132596685082,5,Maio,366.0,2.6,2025,Schuler,PDS 400,2015.0,400.0,35.8,Fernanda Silva,2025-02-10
307,2025-05-07,Prensa 12,Estamparia,Manhã,5,88.6,3.04,296,10,3.3783783783783785,96.62162162162164,5,Maio,366.0,2.6,2025,Schuler,PDS 400,2015.0,400.0,35.8,Fernanda Silva,2025-02-10
308,2025-05-08,Prensa 12,Estamparia,Tarde,6,84.0,2.14,323,8,2.476780185758514,97.52321981424149,5,Maio,366.0,2.6,2025,Schuler,PDS 400,2015.0,400.0,35.8,Fernanda Silva,2025-02-10
309,2025-05-09,Prensa 12,Estamparia,Manhã,5,87.7,2.77,379,8,2.1108179419525066,97.8891820580475,5,Maio,366.0,2.6,2025,Schuler,PDS 400,2015.0,400.0,35.8,Fernanda Silva,2025-02-10
310,2025-05-10,Prensa 12,Estamparia,Tarde,2,78.7,2.39,104,2,1.9230769230769231,98.07692307692308,5,Maio,366.0,2.6,2025,Schuler,PDS 400,2015.0,400.0,35.8,Fernanda Silva,2025-02-10
311,2025-05-11,Prensa 12,Estamparia,Manhã,5,81.4,2.67,80,7,8.75,91.25,5,Maio,366.0,2.6,2025,Schuler,PDS 400,2015.0,400.0,35.8,Fernanda Silva,2025-02-10
312,2025-05-12,Prensa 12,Estamparia,Tarde,6,78.7,2.82,305,3,0.9836065573770492,99.01639344262296,5,Maio,366.0,2.6,2025,Schuler,PDS 400,2015.0,400.0,35.8,Fernanda Silva,2025-02-10
313,2025-05-13,Prensa 12,Estamparia,Manhã,11,81.4,2.15,305,4,1.3114754098360657,98.68852459016394,5,Maio,366.0,2.6,2025,Schuler,PDS 400,2015.0,400.0,35.8,Fernanda Silva,2025-02-10
314,2025-05-14,Prensa 12,Estamparia,Tarde,6,76.1,2.41,318,6,1.8867924528301887,98.1132075471698,5,Maio,366.0,2.6,2025,Schuler,PDS 400,2015.0,400.0,35.8,Fernanda Silva,2025-02-10
315,2025-05-15,Prensa 12,Estamparia,Manhã,9,82.5,2.99,356,8,2.247191011235955,97.75280898876404,5,Maio,366.0,2.6,2025,Schuler,PDS 400,2015.0,400.0,35.8,Fernanda Silva,2025-02-10
316,2025-05-16,Prensa 12,Estamparia,Tarde,6,81.7,2.33,321,9,2.803738317757009,97.196261682243,5,Maio,366.0,2.6,2025,Schuler,PDS 400,2015.0,400.0,35.8,Fernanda Silva,2025-02-10
317,2025-05-17,Prensa 12,Estamparia,Manhã,5,85.7,1.9,106,8,7.547169811320755,92.45283018867924,5,Maio,366.0,2.6,2025,Schuler,PDS 400,2015.0,400.0,35.8,Fernanda Silva,2025-02-10
318,2025-05-18,Prensa 12,Estamparia,Tarde,5,84.6,2.83,138,5,3.6231884057971016,96.3768115942029,5,Maio,366.0,2.6,2025,Schuler,PDS 400,2015.0,400.0,35.8,Fernanda Silva,2025-02-10
319,2025-05-19,Prensa 12,Estamparia,Manhã,10,78.5,2.84,322,2,0.6211180124223602,99.37888198757764,5,Maio,366.0,2.6,2025,Schuler,PDS 400,2015.0,400.0,35.8,Fernanda Silva,2025-02-10
320,2025-05-20,Prensa 12,Estamparia,Tarde,9,83.5,2.77,313,3,0.9584664536741214,99.04153354632588,5,Maio,366.0,2.6,2025,Schuler,PDS 400,2015.0,400.0,35.8,Fernanda Silva,2025-02-10
321,2025-05-21,Prensa 12,Estamparia,Manhã,5,79.3,2.05,353,5,1.41643059490085,98.58356940509915,5,Maio,366.0,2.6,2025,Schuler,PDS 400,2015.0,400.0,35.8,Fernanda Silva,2025-02-10
322,2025-05-22,Prensa 12,Estamparia,Tarde,10,88.5,2.26,361,7,1.9390581717451525,98.06094182825484,5,Maio,366.0,2.6,2025,Schuler,PDS 400,2015.0,400.0,35.8,Fernanda Silva,2025-02-10
323,2025-05-23,Prensa 12,Estamparia,Manhã,8,82.1,2.48,352,2,0.5681818181818182,99.4318181818182,5,Maio,366.0,2.6,2025,Schuler,PDS 400,2015.0,400.0,35.8,Fernanda Silva,2025-02-10
324,2025-05-24,Prensa 12,Estamparia,Tarde,3,88.6,2.8,128,7,5.46875,94.53125,5,Maio,366.0,2.6,2025,Schuler,PDS 400,2015.0,400.0,35.8,Fernanda Silva,2025-02-10
325,2025-05-25,Prensa 12,Estamparia,Manhã,4,88.0,2.4,144,10,6.944444444444445,93.05555555555556,5,Maio,366.0,2.6,2025,Schuler,PDS 400,2015.0,400.0,35.8,Fernanda Silva,2025-02-10
326,2025-05-26,Prensa 12,Estamparia,Tarde,11,78.4,2.49,315,5,1.5873015873015872,98.41269841269842,5,Maio,366.0,2.6,2025,Schuler,PDS 400,2015.0,400.0,35.8,Fernanda Silva,2025-02-10
327,2025-05-27,Prensa 12,Estamparia,Manhã,6,85.9,2.93,353,10,2.8328611898017,97.1671388101983,5,Maio,366.0,2.6,2025,Schuler,PDS 400,2015.0,400.0,35.8,Fernanda Silva,2025-02-10
328,2025-05-28,Prensa 12,Estamparia,Tarde,9,89.4,2.51,325,4,1.2307692307692308,98.76923076923076,5,Maio,366.0,2.6,2025,Schuler,PDS 400,2015.0,400.0,35.8,Fernanda Silva,2025-02-10
329,2025-05-29,Prensa 12,Estamparia,Manhã,7,83.6,2.28,333,6,1.8018018018018016,98.1981981981982,5,Maio,366.0,2.6,2025,Schuler,PDS 400,2015.0,400.0,35.8,Fernanda Silva,2025-02-10
330,2025-05-30,Prensa 12,Estamparia,Tarde,6,83.5,2.62,296,5,1.6891891891891893,98.3108108108108,5,Maio,366.0,2.6,2025,Schuler,PDS 400,2015.0,400.0,35.8,Fernanda Silva,2025-02-10
331,2025-05-31,Prensa 12,Estamparia,Manhã,3,80.1,2.82,108,3,2.7777777777777777,97.22222222222224,5,Maio,366.0,2.6,2025,Schuler,PDS 400,2015.0,400.0,35.8,Fernanda Silva,2025-02-10
332,2025-06-01,Prensa 12,Estamparia,Tarde,5,78.1,2.13,86,10,11.627906976744184,88.37209302325581,6,Junho,370.0,2.5,2025,Schuler,PDS 400,2015.0,400.0,35.8,Fernanda Silva,2025-02-10
333,2025-06-02,Prensa 12,Estamparia,Manhã,6,82.8,3.09,339,9,2.6548672566371683,97.34513274336284,6,Junho,370.0,2.5,2025,Schuler,PDS 400,2015.0,400.0,35.8,Fernanda Silva,2025-02-10
334,2025-06-03,Prensa 12,Estamparia,Tarde,11,80.2,2.51,332,5,1.5060240963855422,98.49397590361446,6,Junho,370.0,2.5,2025,Schuler,PDS 400,2015.0,400.0,35.8,Fernanda Silva,2025-02-10
335,2025-06-04,Prensa 12,Estamparia,Manhã,8,82.5,2.14,365,5,1.36986301369863,98.63013698630137,6,Junho,370.0,2.5,2025,Schuler,PDS 400,2015.0,400.0,35.8,Fernanda Silva,2025-02-10
336,2025-06-05,Prensa 12,Estamparia,Tarde,8,74.3,2.88,308,8,2.5974025974025974,97.4025974025974,6,Junho,370.0,2.5,2025,Schuler,PDS 400,2015.0,400.0,35.8,Fernanda Silva,2025-02-10
337,2025-06-06,Prensa 12,Estamparia,Manhã,7,81.3,2.96,334,6,1.7964071856287425,98.20359281437126,6,Junho,370.0,2.5,2025,Schuler,PDS 400,2015.0,400.0,35.8,Fernanda Silva,2025-02-10
338,2025-06-07,Prensa 12,Estamparia,Tarde,2,80.3,1.82,106,8,7.547169811320755,92.45283018867924,6,Junho,370.0,2.5,2025,Schuler,PDS 400,2015.0,400.0,35.8,Fernanda Silva,2025-02-10
339,2025-06-08,Prensa 12,Estamparia,Manhã,2,83.2,2.3,119,6,5.042016806722689,94.95798319327731,6,Junho,370.0,2.5,2025,Schuler,PDS 400,2015.0,400.0,35.8,Fernanda Silva,2025-02-10
340,2025-06-09,Prensa 12,Estamparia,Tarde,8,79.9,2.46,361,4,1.10803324099723,98.89196675900276,6,Junho,370.0,2.5,2025,Schuler,PDS 400,2015.0,400.0,35.8,Fernanda Silva,2025-02-10
341,2025-06-10,Prensa 12,Estamparia,Manhã,5,78.3,2.9,351,11,3.133903133903134,96.86609686609688,6,Junho,370.0,2.5,2025,Schuler,PDS 400,2015.0,400.0,35.8,Fernanda Silva,2025-02-10
342,2025-06-11,Prensa 12,Estamparia,Tarde,9,82.9,2.38,338,3,0.8875739644970414,99.11242603550296,6,Junho,370.0,2.5,2025,Schuler,PDS 400,2015.0,400.0,35.8,Fernanda Silva,2025-02-10
343,2025-06-12,Prensa 12,Estamparia,Manhã,6,80.9,2.84,325,8,2.4615384615384617,97.53846153846152,6,Junho,370.0,2.5,2025,Schuler,PDS 400,2015.0,400.0,35.8,Fernanda Silva,2025-02-10
344,2025-06-13,Prensa 12,Estamparia,Tarde,6,79.2,1.95,352,8,2.272727272727273,97.72727272727272,6,Junho,370.0,2.5,2025,Schuler,PDS 400,2015.0,400.0,35.8,Fernanda Silva,2025-02-10
345,2025-06-14,Prensa 12,Estamparia,Manhã,5,81.2,2.59,127,9,7.086614173228346,92.91338582677166,6,Junho,370.0,2.5,2025,Schuler,PDS 400,2015.0,400.0,35.8,Fernanda Silva,2025-02-10
346,2025-06-15,Prensa 12,Estamparia,Tarde,2,85.3,2.77,59,5,8.47457627118644,91.52542372881356,6,Junho,370.0,2.5,2025,Schuler,PDS 400,2015.0,400.0,35.8,Fernanda Silva,2025-02-10
347,2025-06-16,Prensa 12,Estamparia,Manhã,7,82.6,2.42,373,11,2.949061662198391,97.0509383378016,6,Junho,370.0,2.5,2025,Schuler,PDS 400,2015.0,400.0,35.8,Fernanda Silva,2025-02-10
348,2025-06-17,Prensa 12,Estamparia,Tarde,9,85.8,2.66,340,2,0.5882352941176471,99.41176470588236,6,Junho,370.0,2.5,2025,Schuler,PDS 400,2015.0,400.0,35.8,Fernanda Silva,2025-02-10
349,2025-06-18,Prensa 12,Estamparia,Manhã,11,79.8,2.39,361,10,2.7700831024930745,97.22991689750693,6,Junho,370.0,2.5,2025,Schuler,PDS 400,2015.0,400.0,35.8,Fernanda Silva,2025-02-10
350,2025-06-19,Prensa 12,Estamparia,Tarde,6,79.4,2.34,368,11,2.989130434782609,97.0108695652174,6,Junho,370.0,2.5,2025,Schuler,PDS 400,2015.0,400.0,35.8,Fernanda Silva,2025-02-10
351,2025-06-20,Prensa 12,Estamparia,Manhã,9,81.8,2.58,317,3,0.946372239747634,99.05362776025235,6,Junho,370.0,2.5,2025,Schuler,PDS 400,2015.0,400.0,35.8,Fernanda Silva,2025-02-10
352,2025-06-21,Prensa 12,Estamparia,Tarde,3,84.5,2.59,180,3,1.6666666666666667,98.33333333333331,6,Junho,370.0,2.5,2025,Schuler,PDS 400,2015.0,400.0,35.8,Fernanda Silva,2025-02-10
353,2025-06-22,Prensa 12,Estamparia,Manhã,4,83.3,2.35,126,9,7.142857142857142,92.85714285714286,6,Junho,370.0,2.5,2025,Schuler,PDS 400,2015.0,400.0,35.8,Fernanda Silva,2025-02-10
354,2025-06-23,Prensa 12,Estamparia,Tarde,7,75.5,2.89,332,5,1.5060240963855422,98.49397590361446,6,Junho,370.0,2.5,2025,Schuler,PDS 400,2015.0,400.0,35.8,Fernanda Silva,2025-02-10
355,2025-06-24,Prensa 12,Estamparia,Manhã,9,79.7,2.59,396,2,0.5050505050505051,99.4949494949495,6,Junho,370.0,2.5,2025,Schuler,PDS 400,2015.0,400.0,35.8,Fernanda Silva,2025-02-10
356,2025-06-25,Prensa 12,Estamparia,Tarde,9,84.6,2.43,341,6,1.7595307917888563,98.24046920821114,6,Junho,370.0,2.5,2025,Schuler,PDS 400,2015.0,400.0,35.8,Fernanda Silva,2025-02-10
357,2025-06-26,Prensa 12,Estamparia,Manhã,10,82.8,2.75,363,8,2.203856749311295,97.7961432506887,6,Junho,370.0,2.5,2025,Schuler,PDS 400,2015.0,400.0,35.8,Fernanda Silva,2025-02-10
358,2025-06-27,Prensa 12,Estamparia,Tarde,11,78.9,2.75,353,7,1.9830028328611895,98.0169971671388,6,Junho,370.0,2.5,2025,Schuler,PDS 400,2015.0,400.0,35.8,Fernanda Silva,2025-02-10
359,2025-06-28,Prensa 12,Estamparia,Manhã,5,82.1,2.72,105,3,2.857142857142857,97.14285714285714,6,Junho,370.0,2.5,2025,Schuler,PDS 400,2015.0,400.0,35.8,Fernanda Silva,2025-02-10
360,2025-06-29,Prensa 12,Estamparia,Tarde,4,78.4,2.59,97,6,6.185567010309279,93.81443298969072,6,Junho,370.0,2.5,2025,Schuler,PDS 400,2015.0,400.0,35.8,Fernanda Silva,2025-02-10
361,2025-06-30,Prensa 12,Estamparia,Manhã,9,76.7,2.8,381,7,1.837270341207349,98.16272965879266,6,Junho,370.0,2.5,2025,Schuler,PDS 400,2015.0,400.0,35.8,Fernanda Silva,2025-02-10
362,2025-01-01,Solda Robô 01,Soldagem,Manhã,7,78.0,2.16,580,11,1.896551724137931,98.10344827586206,1,Janeiro,600.0,2.0,2025,KUKA,KR 16,2021.0,700.0,58.2,Roberto Alves,2025-03-05
363,2025-01-02,Solda Robô 01,Soldagem,Tarde,5,74.3,2.26,619,5,0.8077544426494345,99.19224555735056,1,Janeiro,600.0,2.0,2025,KUKA,KR 16,2021.0,700.0,58.2,Roberto Alves,2025-03-05
364,2025-01-03,Solda Robô 01,Soldagem,Manhã,7,78.9,1.97,617,8,1.2965964343598055,98.7034035656402,1,Janeiro,600.0,2.0,2025,KUKA,KR 16,2021.0,700.0,58.2,Roberto Alves,2025-03-05
365,2025-01-04,Solda Robô 01,Soldagem,Tarde,4,70.8,1.95,186,10,5.376344086021505,94.6236559139785,1,Janeiro,600.0,2.0,2025,KUKA,KR 16,2021.0,700.0,58.2,Roberto Alves,2025-03-05
366,2025-01-05,Solda Robô 01,Soldagem,Manhã,5,78.6,2.12,222,10,4.504504504504505,95.49549549549548,1,Janeiro,600.0,2.0,2025,KUKA,KR 16,2021.0,700.0,58.2,Roberto Alves,2025-03-05
367,2025-01-06,Solda Robô 01,Soldagem,Tarde,6,76.0,2.33,639,4,0.6259780907668232,99.37402190923318,1,Janeiro,600.0,2.0,2025,KUKA,KR 16,2021.0,700.0,58.2,Roberto Alves,2025-03-05
368,2025-01-07,Solda Robô 01,Soldagem,Manhã,11,77.2,1.99,655,9,1.3740458015267176,98.62595419847328,1,Janeiro,600.0,2.0,2025,KUKA,KR 16,2021.0,700.0,58.2,Roberto Alves,2025-03-05
369,2025-01-08,Solda Robô 01,Soldagem,Tarde,10,73.8,1.59,648,6,0.9259259259259258,99.07407407407408,1,Janeiro,600.0,2.0,2025,KUKA,KR 16,2021.0,700.0,58.2,Roberto Alves,2025-03-05
370,2025-01-09,Solda Robô 01,Soldagem,Manhã,10,70.4,2.48,598,4,0.6688963210702341,99.33110367892976,1,Janeiro,600.0,2.0,2025,KUKA,KR 16,2021.0,700.0,58.2,Roberto Alves,2025-03-05
371,2025-01-10,Solda Robô 01,Soldagem,Tarde,9,82.7,2.56,663,5,0.7541478129713424,99.24585218702866,1,Janeiro,600.0,2.0,2025,KUKA,KR 16,2021.0,700.0,58.2,Roberto Alves,2025-03-05
372,2025-01-11,Solda Robô 01,Soldagem,Manhã,5,79.9,2.39,199,4,2.010050251256281,97.98994974874373,1,Janeiro,600.0,2.0,2025,KUKA,KR 16,2021.0,700.0,58.2,Roberto Alves,2025-03-05
373,2025-01-12,Solda Robô 01,Soldagem,Tarde,2,77.5,1.8,224,9,4.017857142857143,95.98214285714286,1,Janeiro,600.0,2.0,2025,KUKA,KR 16,2021.0,700.0,58.2,Roberto Alves,2025-03-05
374,2025-01-13,Solda Robô 01,Soldagem,Manhã,9,76.7,1.95,556,8,1.4388489208633095,98.56115107913668,1,Janeiro,600.0,2.0,2025,KUKA,KR 16,2021.0,700.0,58.2,Roberto Alves,2025-03-05
375,2025-01-14,Solda Robô 01,Soldagem,Tarde,5,76.1,1.85,610,5,0.819672131147541,99.18032786885246,1,Janeiro,600.0,2.0,2025,KUKA,KR 16,2021.0,700.0,58.2,Roberto Alves,2025-03-05
376,2025-01-15,Solda Robô 01,Soldagem,Manhã,5,79.5,2.29,588,5,0.8503401360544218,99.14965986394556,1,Janeiro,600.0,2.0,2025,KUKA,KR 16,2021.0,700.0,58.2,Roberto Alves,2025-03-05
377,2025-01-16,Solda Robô 01,Soldagem,Tarde,8,80.6,2.0,621,7,1.1272141706924317,98.87278582930756,1,Janeiro,600.0,2.0,2025,KUKA,KR 16,2021.0,700.0,58.2,Roberto Alves,2025-03-05
378,2025-01-17,Solda Robô 01,Soldagem,Manhã,11,73.9,2.43,661,10,1.5128593040847202,98.48714069591529,1,Janeiro,600.0,2.0,2025,KUKA,KR 16,2021.0,700.0,58.2,Roberto Alves,2025-03-05
379,2025-01-18,Solda Robô 01,Soldagem,Tarde,5,79.6,1.68,186,2,1.0752688172043012,98.9247311827957,1,Janeiro,600.0,2.0,2025,KUKA,KR 16,2021.0,700.0,58.2,Roberto Alves,2025-03-05
380,2025-01-19,Solda Robô 01,Soldagem,Manhã,3,73.4,2.33,168,6,3.571428571428571,96.42857142857144,1,Janeiro,600.0,2.0,2025,KUKA,KR 16,2021.0,700.0,58.2,Roberto Alves,2025-03-05
381,2025-01-20,Solda Robô 01,Soldagem,Tarde,7,75.5,1.96,575,4,0.6956521739130435,99.30434782608695,1,Janeiro,600.0,2.0,2025,KUKA,KR 16,2021.0,700.0,58.2,Roberto Alves,2025-03-05
382,2025-01-21,Solda Robô 01,Soldagem,Manhã,9,73.9,2.22,611,6,0.9819967266775778,99.01800327332242,1,Janeiro,600.0,2.0,2025,KUKA,KR 16,2021.0,700.0,58.2,Roberto Alves,2025-03-05
383,2025-01-22,Solda Robô 01,Soldagem,Tarde,8,79.2,2.09,660,2,0.303030303030303,99.6969696969697,1,Janeiro,600.0,2.0,2025,KUKA,KR 16,2021.0,700.0,58.2,Roberto Alves,2025-03-05
384,2025-01-23,Solda Robô 01,Soldagem,Manhã,5,73.6,2.0,634,10,1.5772870662460567,98.42271293375394,1,Janeiro,600.0,2.0,2025,KUKA,KR 16,2021.0,700.0,58.2,Roberto Alves,2025-03-05
385,2025-01-24,Solda Robô 01,Soldagem,Tarde,8,74.5,1.81,592,9,1.5202702702702704,98.47972972972973,1,Janeiro,600.0,2.0,2025,KUKA,KR 16,2021.0,700.0,58.2,Roberto Alves,2025-03-05
386,2025-01-25,Solda Robô 01,Soldagem,Manhã,3,77.7,1.86,253,10,3.9525691699604746,96.04743083003952,1,Janeiro,600.0,2.0,2025,KUKA,KR 16,2021.0,700.0,58.2,Roberto Alves,2025-03-05
387,2025-01-26,Solda Robô 01,Soldagem,Tarde,2,74.2,2.42,267,6,2.247191011235955,97.75280898876404,1,Janeiro,600.0,2.0,2025,KUKA,KR 16,2021.0,700.0,58.2,Roberto Alves,2025-03-05
388,2025-01-27,Solda Robô 01,Soldagem,Manhã,8,78.2,1.88,613,9,1.468189233278956,98.53181076672104,1,Janeiro,600.0,2.0,2025,KUKA,KR 16,2021.0,700.0,58.2,Roberto Alves,2025-03-05
389,2025-01-28,Solda Robô 01,Soldagem,Tarde,7,74.3,2.12,630,8,1.2698412698412698,98.73015873015872,1,Janeiro,600.0,2.0,2025,KUKA,KR 16,2021.0,700.0,58.2,Roberto Alves,2025-03-05
390,2025-01-29,Solda Robô 01,Soldagem,Manhã,9,74.7,1.92,640,11,1.7187500000000002,98.28125,1,Janeiro,600.0,2.0,2025,KUKA,KR 16,2021.0,700.0,58.2,Roberto Alves,2025-03-05
391,2025-01-30,Solda Robô 01,Soldagem,Tarde,9,72.2,2.34,586,11,1.877133105802048,98.12286689419795,1,Janeiro,600.0,2.0,2025,KUKA,KR 16,2021.0,700.0,58.2,Roberto Alves,2025-03-05
392,2025-01-31,Solda Robô 01,Soldagem,Manhã,9,71.0,2.82,620,10,1.6129032258064515,98.38709677419357,1,Janeiro,600.0,2.0,2025,KUKA,KR 16,2021.0,700.0,58.2,Roberto Alves,2025-03-05
393,2025-02-01,Solda Robô 01,Soldagem,Tarde,2,76.0,1.88,196,8,4.081632653061225,95.91836734693878,2,Fevereiro,606.0,1.92,2025,KUKA,KR 16,2021.0,700.0,58.2,Roberto Alves,2025-03-05
394,2025-02-02,Solda Robô 01,Soldagem,Manhã,3,78.1,2.9,209,7,3.349282296650718,96.65071770334929,2,Fevereiro,606.0,1.92,2025,KUKA,KR 16,2021.0,700.0,58.2,Roberto Alves,2025-03-05
395,2025-02-03,Solda Robô 01,Soldagem,Tarde,5,75.5,1.85,621,7,1.1272141706924317,98.87278582930756,2,Fevereiro,606.0,1.92,2025,KUKA,KR 16,2021.0,700.0,58.2,Roberto Alves,2025-03-05
396,2025-02-04,Solda Robô 01,Soldagem,Manhã,6,71.2,2.08,608,4,0.6578947368421052,99.34210526315788,2,Fevereiro,606.0,1.92,2025,KUKA,KR 16,2021.0,700.0,58.2,Roberto Alves,2025-03-05
397,2025-02-05,Solda Robô 01,Soldagem,Tarde,9,81.0,1.85,645,9,1.3953488372093024,98.6046511627907,2,Fevereiro,606.0,1.92,2025,KUKA,KR 16,2021.0,700.0,58.2,Roberto Alves,2025-03-05
398,2025-02-06,Solda Robô 01,Soldagem,Manhã,10,74.5,2.51,604,5,0.8278145695364238,99.17218543046356,2,Fevereiro,606.0,1.92,2025,KUKA,KR 16,2021.0,700.0,58.2,Roberto Alves,2025-03-05
399,2025-02-07,Solda Robô 01,Soldagem,Tarde,6,72.6,2.45,601,7,1.1647254575707155,98.83527454242927,2,Fevereiro,606.0,1.92,2025,KUKA,KR 16,2021.0,700.0,58.2,Roberto Alves,2025-03-05
400,2025-02-08,Solda Robô 01,Soldagem,Manhã,4,76.0,2.02,210,11,5.238095238095238,94.76190476190476,2,Fevereiro,606.0,1.92,2025,KUKA,KR 16,2021.0,700.0,58.2,Roberto Alves,2025-03-05
401,2025-02-09,Solda Robô 01,Soldagem,Tarde,5,70.3,2.08,199,9,4.522613065326634,95.47738693467336,2,Fevereiro,606.0,1.92,2025,KUKA,KR 16,2021.0,700.0,58.2,Roberto Alves,2025-03-05
402,2025-02-10,Solda Robô 01,Soldagem,Manhã,8,74.5,3.06,628,10,1.5923566878980893,98.40764331210192,2,Fevereiro,606.0,1.92,2025,KUKA,KR 16,2021.0,700.0,58.2,Roberto Alves,2025-03-05
403,2025-02-11,Solda Robô 01,Soldagem,Tarde,7,72.7,2.49,607,4,0.6589785831960462,99.34102141680395,2,Fevereiro,606.0,1.92,2025,KUKA,KR 16,2021.0,700.0,58.2,Roberto Alves,2025-03-05
404,2025-02-12,Solda Robô 01,Soldagem,Manhã,7,75.3,1.67,644,5,0.7763975155279503,99.22360248447204,2,Fevereiro,606.0,1.92,2025,KUKA,KR 16,2021.0,700.0,58.2,Roberto Alves,2025-03-05
405,2025-02-13,Solda Robô 01,Soldagem,Tarde,9,73.0,2.46,635,9,1.4173228346456692,98.58267716535433,2,Fevereiro,606.0,1.92,2025,KUKA,KR 16,2021.0,700.0,58.2,Roberto Alves,2025-03-05
406,2025-02-14,Solda Robô 01,Soldagem,Manhã,6,76.5,1.85,606,4,0.6600660066006601,99.33993399339934,2,Fevereiro,606.0,1.92,2025,KUKA,KR 16,2021.0,700.0,58.2,Roberto Alves,2025-03-05
407,2025-02-15,Solda Robô 01,Soldagem,Tarde,2,78.1,2.02,230,9,3.91304347826087,96.08695652173913,2,Fevereiro,606.0,1.92,2025,KUKA,KR 16,2021.0,700.0,58.2,Roberto Alves,2025-03-05
408,2025-02-16,Solda Robô 01,Soldagem,Manhã,3,74.0,1.98,194,5,2.5773195876288657,97.42268041237114,2,Fevereiro,606.0,1.92,2025,KUKA,KR 16,2021.0,700.0,58.2,Roberto Alves,2025-03-05
409,2025-02-17,Solda Robô 01,Soldagem,Tarde,10,76.3,1.88,628,10,1.5923566878980893,98.40764331210192,2,Fevereiro,606.0,1.92,2025,KUKA,KR 16,2021.0,700.0,58.2,Roberto Alves,2025-03-05
410,2025-02-18,Solda Robô 01,Soldagem,Manhã,8,72.4,2.44,623,6,0.9630818619582664,99.03691813804171,2,Fevereiro,606.0,1.92,2025,KUKA,KR 16,2021.0,700.0,58.2,Roberto Alves,2025-03-05
411,2025-02-19,Solda Robô 01,Soldagem,Tarde,9,75.9,1.82,653,7,1.0719754977029097,98.92802450229708,2,Fevereiro,606.0,1.92,2025,KUKA,KR 16,2021.0,700.0,58.2,Roberto Alves,2025-03-05
412,2025-02-20,Solda Robô 01,Soldagem,Manhã,6,71.4,2.02,624,2,0.3205128205128205,99.67948717948718,2,Fevereiro,606.0,1.92,2025,KUKA,KR 16,2021.0,700.0,58.2,Roberto Alves,2025-03-05
413,2025-02-21,Solda Robô 01,Soldagem,Tarde,8,74.2,2.27,632,6,0.949367088607595,99.0506329113924,2,Fevereiro,606.0,1.92,2025,KUKA,KR 16,2021.0,700.0,58.2,Roberto Alves,2025-03-05
414,2025-02-22,Solda Robô 01,Soldagem,Manhã,4,76.0,2.01,223,4,1.7937219730941705,98.20627802690584,2,Fevereiro,606.0,1.92,2025,KUKA,KR 16,2021.0,700.0,58.2,Roberto Alves,2025-03-05
415,2025-02-23,Solda Robô 01,Soldagem,Tarde,5,79.0,2.01,170,10,5.88235294117647,94.11764705882354,2,Fevereiro,606.0,1.92,2025,KUKA,KR 16,2021.0,700.0,58.2,Roberto Alves,2025-03-05
416,2025-02-24,Solda Robô 01,Soldagem,Manhã,9,77.2,1.93,626,6,0.9584664536741214,99.04153354632588,2,Fevereiro,606.0,1.92,2025,KUKA,KR 16,2021.0,700.0,58.2,Roberto Alves,2025-03-05
417,2025-02-25,Solda Robô 01,Soldagem,Tarde,8,78.1,1.93,615,10,1.6260162601626018,98.3739837398374,2,Fevereiro,606.0,1.92,2025,KUKA,KR 16,2021.0,700.0,58.2,Roberto Alves,2025-03-05
418,2025-02-26,Solda Robô 01,Soldagem,Manhã,7,79.8,2.0,656,7,1.0670731707317074,98.9329268292683,2,Fevereiro,606.0,1.92,2025,KUKA,KR 16,2021.0,700.0,58.2,Roberto Alves,2025-03-05
419,2025-02-27,Solda Robô 01,Soldagem,Tarde,5,79.6,2.07,656,4,0.6097560975609756,99.39024390243902,2,Fevereiro,606.0,1.92,2025,KUKA,KR 16,2021.0,700.0,58.2,Roberto Alves,2025-03-05
420,2025-02-28,Solda Robô 01,Soldagem,Manhã,5,76.1,1.86,656,8,1.2195121951219512,98.78048780487804,2,Fevereiro,606.0,1.92,2025,KUKA,KR 16,2021.0,700.0,58.2,Roberto Alves,2025-03-05
421,2025-03-01,Solda Robô 01,Soldagem,Tarde,3,71.6,1.98,232,9,3.8793103448275854,96.1206896551724,3,Março,612.0,1.84,2025,KUKA,KR 16,2021.0,700.0,58.2,Roberto Alves,2025-03-05
422,2025-03-02,Solda Robô 01,Soldagem,Manhã,4,77.6,1.7,222,7,3.153153153153153,96.84684684684684,3,Março,612.0,1.84,2025,KUKA,KR 16,2021.0,700.0,58.2,Roberto Alves,2025-03-05
423,2025-03-03,Solda Robô 01,Soldagem,Tarde,11,80.8,2.41,594,5,0.8417508417508417,99.15824915824916,3,Março,612.0,1.84,2025,KUKA,KR 16,2021.0,700.0,58.2,Roberto Alves,2025-03-05
424,2025-03-04,Solda Robô 01,Soldagem,Manhã,8,77.1,1.92,648,8,1.2345679012345678,98.76543209876544,3,Março,612.0,1.84,2025,KUKA,KR 16,2021.0,700.0,58.2,Roberto Alves,2025-03-05
425,2025-03-05,Solda Robô 01,Soldagem,Tarde,7,76.0,2.06,603,7,1.1608623548922057,98.8391376451078,3,Março,612.0,1.84,2025,KUKA,KR 16,2021.0,700.0,58.2,Roberto Alves,2025-03-05
426,2025-03-06,Solda Robô 01,Soldagem,Manhã,10,75.4,2.43,634,5,0.7886435331230284,99.21135646687698,3,Março,612.0,1.84,2025,KUKA,KR 16,2021.0,700.0,58.2,Roberto Alves,2025-03-05
427,2025-03-07,Solda Robô 01,Soldagem,Tarde,5,74.8,2.03,638,10,1.5673981191222568,98.43260188087774,3,Março,612.0,1.84,2025,KUKA,KR 16,2021.0,700.0,58.2,Roberto Alves,2025-03-05
428,2025-03-08,Solda Robô 01,Soldagem,Manhã,4,77.5,2.25,221,10,4.524886877828054,95.47511312217196,3,Março,612.0,1.84,2025,KUKA,KR 16,2021.0,700.0,58.2,Roberto Alves,2025-03-05
429,2025-03-09,Solda Robô 01,Soldagem,Tarde,4,75.5,2.27,276,4,1.4492753623188406,98.55072463768116,3,Março,612.0,1.84,2025,KUKA,KR 16,2021.0,700.0,58.2,Roberto Alves,2025-03-05
430,2025-03-10,Solda Robô 01,Soldagem,Manhã,11,70.6,2.02,586,6,1.023890784982935,98.97610921501706,3,Março,612.0,1.84,2025,KUKA,KR 16,2021.0,700.0,58.2,Roberto Alves,2025-03-05
431,2025-03-11,Solda Robô 01,Soldagem,Tarde,7,76.6,2.32,606,10,1.65016501650165,98.34983498349835,3,Março,612.0,1.84,2025,KUKA,KR 16,2021.0,700.0,58.2,Roberto Alves,2025-03-05
432,2025-03-12,Solda Robô 01,Soldagem,Manhã,8,73.9,2.34,643,2,0.3110419906687403,99.68895800933126,3,Março,612.0,1.84,2025,KUKA,KR 16,2021.0,700.0,58.2,Roberto Alves,2025-03-05
433,2025-03-13,Solda Robô 01,Soldagem,Tarde,10,81.8,1.61,617,3,0.4862236628849271,99.51377633711508,3,Março,612.0,1.84,2025,KUKA,KR 16,2021.0,700.0,58.2,Roberto Alves,2025-03-05
434,2025-03-14,Solda Robô 01,Soldagem,Manhã,9,72.8,2.11,638,2,0.3134796238244514,99.68652037617557,3,Março,612.0,1.84,2025,KUKA,KR 16,2021.0,700.0,58.2,Roberto Alves,2025-03-05
435,2025-03-15,Solda Robô 01,Soldagem,Tarde,2,78.5,2.39,233,9,3.862660944206009,96.137339055794,3,Março,612.0,1.84,2025,KUKA,KR 16,2021.0,700.0,58.2,Roberto Alves,2025-03-05
436,2025-03-16,Solda Robô 01,Soldagem,Manhã,5,77.0,2.91,175,10,5.714285714285714,94.28571428571428,3,Março,612.0,1.84,2025,KUKA,KR 16,2021.0,700.0,58.2,Roberto Alves,2025-03-05
437,2025-03-17,Solda Robô 01,Soldagem,Tarde,7,72.9,2.06,654,9,1.376146788990826,98.62385321100918,3,Março,612.0,1.84,2025,KUKA,KR 16,2021.0,700.0,58.2,Roberto Alves,2025-03-05
438,2025-03-18,Solda Robô 01,Soldagem,Manhã,9,78.7,2.62,605,8,1.322314049586777,98.67768595041322,3,Março,612.0,1.84,2025,KUKA,KR 16,2021.0,700.0,58.2,Roberto Alves,2025-03-05
439,2025-03-19,Solda Robô 01,Soldagem,Tarde,8,77.3,2.03,610,4,0.6557377049180327,99.34426229508196,3,Março,612.0,1.84,2025,KUKA,KR 16,2021.0,700.0,58.2,Roberto Alves,2025-03-05
440,2025-03-20,Solda Robô 01,Soldagem,Manhã,10,72.3,1.82,640,9,1.40625,98.59375,3,Março,612.0,1.84,2025,KUKA,KR 16,2021.0,700.0,58.2,Roberto Alves,2025-03-05
441,2025-03-21,Solda Robô 01,Soldagem,Tarde,11,74.9,2.37,626,3,0.4792332268370607,99.52076677316292,3,Março,612.0,1.84,2025,KUKA,KR 16,2021.0,700.0,58.2,Roberto Alves,2025-03-05
442,2025-03-22,Solda Robô 01,Soldagem,Manhã,2,75.3,1.96,216,11,5.092592592592593,94.9074074074074,3,Março,612.0,1.84,2025,KUKA,KR 16,2021.0,700.0,58.2,Roberto Alves,2025-03-05
443,2025-03-23,Solda Robô 01,Soldagem,Tarde,2,75.9,1.68,156,4,2.564102564102564,97.43589743589745,3,Março,612.0,1.84,2025,KUKA,KR 16,2021.0,700.0,58.2,Roberto Alves,2025-03-05
444,2025-03-24,Solda Robô 01,Soldagem,Manhã,10,70.5,2.33,634,7,1.1041009463722398,98.89589905362776,3,Março,612.0,1.84,2025,KUKA,KR 16,2021.0,700.0,58.2,Roberto Alves,2025-03-05
445,2025-03-25,Solda Robô 01,Soldagem,Tarde,5,70.6,2.43,618,2,0.3236245954692557,99.67637540453076,3,Março,612.0,1.84,2025,KUKA,KR 16,2021.0,700.0,58.2,Roberto Alves,2025-03-05
446,2025-03-26,Solda Robô 01,Soldagem,Manhã,10,73.5,2.07,653,2,0.3062787136294028,99.6937212863706,3,Março,612.0,1.84,2025,KUKA,KR 16,2021.0,700.0,58.2,Roberto Alves,2025-03-05
447,2025-03-27,Solda Robô 01,Soldagem,Tarde,5,73.3,2.14,666,8,1.2012012012012012,98.7987987987988,3,Março,612.0,1.84,2025,KUKA,KR 16,2021.0,700.0,58.2,Roberto Alves,2025-03-05
448,2025-03-28,Solda Robô 01,Soldagem,Manhã,11,74.9,2.42,623,2,0.3210272873194221,99.67897271268058,3,Março,612.0,1.84,2025,KUKA,KR 16,2021.0,700.0,58.2,Roberto Alves,2025-03-05
449,2025-03-29,Solda Robô 01,Soldagem,Tarde,5,73.0,1.56,182,9,4.945054945054945,95.05494505494504,3,Março,612.0,1.84,2025,KUKA,KR 16,2021.0,700.0,58.2,Roberto Alves,2025-03-05
450,2025-03-30,Solda Robô 01,Soldagem,Manhã,2,77.3,2.56,245,8,3.26530612244898,96.73469387755102,3,Março,612.0,1.84,2025,KUKA,KR 16,2021.0,700.0,58.2,Roberto Alves,2025-03-05
451,2025-03-31,Solda Robô 01,Soldagem,Tarde,8,73.4,1.96,638,8,1.2539184952978055,98.7460815047022,3,Março,612.0,1.84,2025,KUKA,KR 16,2021.0,700.0,58.2,Roberto Alves,2025-03-05
452,2025-04-01,Solda Robô 01,Soldagem,Manhã,5,79.8,2.37,628,5,0.7961783439490446,99.20382165605096,4,Abril,618.0,1.76,2025,KUKA,KR 16,2021.0,700.0,58.2,Roberto Alves,2025-03-05
453,2025-04-02,Solda Robô 01,Soldagem,Tarde,6,72.3,2.16,614,9,1.4657980456026058,98.5342019543974,4,Abril,618.0,1.76,2025,KUKA,KR 16,2021.0,700.0,58.2,Roberto Alves,2025-03-05
454,2025-04-03,Solda Robô 01,Soldagem,Manhã,8,74.4,2.36,663,3,0.4524886877828055,99.5475113122172,4,Abril,618.0,1.76,2025,KUKA,KR 16,2021.0,700.0,58.2,Roberto Alves,2025-03-05
455,2025-04-04,Solda Robô 01,Soldagem,Tarde,11,72.6,2.5,668,4,0.5988023952095809,99.40119760479044,4,Abril,618.0,1.76,2025,KUKA,KR 16,2021.0,700.0,58.2,Roberto Alves,2025-03-05
456,2025-04-05,Solda Robô 01,Soldagem,Manhã,4,75.2,2.86,215,7,3.255813953488372,96.74418604651164,4,Abril,618.0,1.76,2025,KUKA,KR 16,2021.0,700.0,58.2,Roberto Alves,2025-03-05
457,2025-04-06,Solda Robô 01,Soldagem,Tarde,4,74.0,2.16,265,4,1.509433962264151,98.49056603773585,4,Abril,618.0,1.76,2025,KUKA,KR 16,2021.0,700.0,58.2,Roberto Alves,2025-03-05
458,2025-04-07,Solda Robô 01,Soldagem,Manhã,10,69.9,1.91,703,11,1.5647226173541962,98.4352773826458,4,Abril,618.0,1.76,2025,KUKA,KR 16,2021.0,700.0,58.2,Roberto Alves,2025-03-05
459,2025-04-08,Solda Robô 01,Soldagem,Tarde,9,73.5,2.15,610,10,1.639344262295082,98.36065573770492,4,Abril,618.0,1.76,2025,KUKA,KR 16,2021.0,700.0,58.2,Roberto Alves,2025-03-05
460,2025-04-09,Solda Robô 01,Soldagem,Manhã,11,78.1,2.0,618,10,1.6181229773462782,98.38187702265373,4,Abril,618.0,1.76,2025,KUKA,KR 16,2021.0,700.0,58.2,Roberto Alves,2025-03-05
461,2025-04-10,Solda Robô 01,Soldagem,Tarde,9,74.5,2.18,663,3,0.4524886877828055,99.5475113122172,4,Abril,618.0,1.76,2025,KUKA,KR 16,2021.0,700.0,58.2,Roberto Alves,2025-03-05
462,2025-04-11,Solda Robô 01,Soldagem,Manhã,7,81.6,1.69,628,11,1.751592356687898,98.2484076433121,4,Abril,618.0,1.76,2025,KUKA,KR 16,2021.0,700.0,58.2,Roberto Alves,2025-03-05
463,2025-04-12,Solda Robô 01,Soldagem,Tarde,4,75.7,2.58,243,2,0.823045267489712,99.17695473251028,4,Abril,618.0,1.76,2025,KUKA,KR 16,2021.0,700.0,58.2,Roberto Alves,2025-03-05
464,2025-04-13,Solda Robô 01,Soldagem,Manhã,5,71.7,1.98,195,9,4.615384615384616,95.3846153846154,4,Abril,618.0,1.76,2025,KUKA,KR 16,2021.0,700.0,58.2,Roberto Alves,2025-03-05
465,2025-04-14,Solda Robô 01,Soldagem,Tarde,5,74.4,1.81,627,11,1.7543859649122806,98.24561403508773,4,Abril,618.0,1.76,2025,KUKA,KR 16,2021.0,700.0,58.2,Roberto Alves,2025-03-05
466,2025-04-15,Solda Robô 01,Soldagem,Manhã,8,78.8,1.95,616,6,0.974025974025974,99.02597402597402,4,Abril,618.0,1.76,2025,KUKA,KR 16,2021.0,700.0,58.2,Roberto Alves,2025-03-05
467,2025-04-16,Solda Robô 01,Soldagem,Tarde,6,75.6,2.18,667,7,1.0494752623688155,98.95052473763118,4,Abril,618.0,1.76,2025,KUKA,KR 16,2021.0,700.0,58.2,Roberto Alves,2025-03-05
468,2025-04-17,Solda Robô 01,Soldagem,Manhã,5,75.1,2.23,594,7,1.1784511784511784,98.82154882154882,4,Abril,618.0,1.76,2025,KUKA,KR 16,2021.0,700.0,58.2,Roberto Alves,2025-03-05
469,2025-04-18,Solda Robô 01,Soldagem,Tarde,7,70.6,2.09,609,11,1.80623973727422,98.19376026272576,4,Abril,618.0,1.76,2025,KUKA,KR 16,2021.0,700.0,58.2,Roberto Alves,2025-03-05
470,2025-04-19,Solda Robô 01,Soldagem,Manhã,2,73.8,2.42,212,7,3.30188679245283,96.69811320754717,4,Abril,618.0,1.76,2025,KUKA,KR 16,2021.0,700.0,58.2,Roberto Alves,2025-03-05
471,2025-04-20,Solda Robô 01,Soldagem,Tarde,5,68.1,2.1,228,5,2.1929824561403506,97.80701754385964,4,Abril,618.0,1.76,2025,KUKA,KR 16,2021.0,700.0,58.2,Roberto Alves,2025-03-05
472,2025-04-21,Solda Robô 01,Soldagem,Manhã,5,70.3,1.76,610,2,0.3278688524590163,99.67213114754098,4,Abril,618.0,1.76,2025,KUKA,KR 16,2021.0,700.0,58.2,Roberto Alves,2025-03-05
473,2025-04-22,Solda Robô 01,Soldagem,Tarde,9,75.4,2.57,646,8,1.238390092879257,98.76160990712074,4,Abril,618.0,1.76,2025,KUKA,KR 16,2021.0,700.0,58.2,Roberto Alves,2025-03-05
474,2025-04-23,Solda Robô 01,Soldagem,Manhã,7,78.2,1.96,619,6,0.9693053311793216,99.03069466882069,4,Abril,618.0,1.76,2025,KUKA,KR 16,2021.0,700.0,58.2,Roberto Alves,2025-03-05
475,2025-04-24,Solda Robô 01,Soldagem,Tarde,10,76.7,1.77,659,8,1.2139605462822458,98.78603945371776,4,Abril,618.0,1.76,2025,KUKA,KR 16,2021.0,700.0,58.2,Roberto Alves,2025-03-05
476,2025-04-25,Solda Robô 01,Soldagem,Manhã,8,77.9,1.55,636,3,0.4716981132075472,99.52830188679243,4,Abril,618.0,1.76,2025,KUKA,KR 16,2021.0,700.0,58.2,Roberto Alves,2025-03-05
477,2025-04-26,Solda Robô 01,Soldagem,Tarde,4,71.7,2.29,208,4,1.9230769230769231,98.07692307692308,4,Abril,618.0,1.76,2025,KUKA,KR 16,2021.0,700.0,58.2,Roberto Alves,2025-03-05
478,2025-04-27,Solda Robô 01,Soldagem,Manhã,5,71.9,1.74,220,8,3.636363636363636,96.36363636363636,4,Abril,618.0,1.76,2025,KUKA,KR 16,2021.0,700.0,58.2,Roberto Alves,2025-03-05
479,2025-04-28,Solda Robô 01,Soldagem,Tarde,9,79.3,2.13,639,6,0.9389671361502347,99.06103286384976,4,Abril,618.0,1.76,2025,KUKA,KR 16,2021.0,700.0,58.2,Roberto Alves,2025-03-05
480,2025-04-29,Solda Robô 01,Soldagem,Manhã,8,80.0,2.57,627,7,1.116427432216906,98.88357256778308,4,Abril,618.0,1.76,2025,KUKA,KR 16,2021.0,700.0,58.2,Roberto Alves,2025-03-05
481,2025-04-30,Solda Robô 01,Soldagem,Tarde,9,68.7,2.2,683,6,0.8784773060029283,99.12152269399706,4,Abril,618.0,1.76,2025,KUKA,KR 16,2021.0,700.0,58.2,Roberto Alves,2025-03-05
482,2025-05-01,Solda Robô 01,Soldagem,Manhã,5,73.9,2.69,643,5,0.7776049766718507,99.22239502332816,5,Maio,624.0,1.68,2025,KUKA,KR 16,2021.0,700.0,58.2,Roberto Alves,2025-03-05
483,2025-05-02,Solda Robô 01,Soldagem,Tarde,10,77.0,1.57,674,7,1.0385756676557862,98.9614243323442,5,Maio,624.0,1.68,2025,KUKA,KR 16,2021.0,700.0,58.2,Roberto Alves,2025-03-05
484,2025-05-03,Solda Robô 01,Soldagem,Manhã,4,76.9,1.88,231,10,4.329004329004329,95.67099567099568,5,Maio,624.0,1.68,2025,KUKA,KR 16,2021.0,700.0,58.2,Roberto Alves,2025-03-05
485,2025-05-04,Solda Robô 01,Soldagem,Tarde,4,67.7,2.42,231,3,1.2987012987012987,98.7012987012987,5,Maio,624.0,1.68,2025,KUKA,KR 16,2021.0,700.0,58.2,Roberto Alves,2025-03-05
486,2025-05-05,Solda Robô 01,Soldagem,Manhã,8,76.6,2.29,657,10,1.5220700152207,98.4779299847793,5,Maio,624.0,1.68,2025,KUKA,KR 16,2021.0,700.0,58.2,Roberto Alves,2025-03-05
487,2025-05-06,Solda Robô 01,Soldagem,Tarde,8,75.3,1.79,624,7,1.1217948717948718,98.87820512820512,5,Maio,624.0,1.68,2025,KUKA,KR 16,2021.0,700.0,58.2,Roberto Alves,2025-03-05
488,2025-05-07,Solda Robô 01,Soldagem,Manhã,7,76.8,1.22,660,3,0.4545454545454545,99.54545454545456,5,Maio,624.0,1.68,2025,KUKA,KR 16,2021.0,700.0,58.2,Roberto Alves,2025-03-05
489,2025-05-08,Solda Robô 01,Soldagem,Tarde,10,75.6,2.44,668,7,1.0479041916167664,98.95209580838323,5,Maio,624.0,1.68,2025,KUKA,KR 16,2021.0,700.0,58.2,Roberto Alves,2025-03-05
490,2025-05-09,Solda Robô 01,Soldagem,Manhã,6,73.8,1.88,673,9,1.337295690936107,98.6627043090639,5,Maio,624.0,1.68,2025,KUKA,KR 16,2021.0,700.0,58.2,Roberto Alves,2025-03-05
491,2025-05-10,Solda Robô 01,Soldagem,Tarde,4,73.4,2.39,239,8,3.3472803347280333,96.65271966527196,5,Maio,624.0,1.68,2025,KUKA,KR 16,2021.0,700.0,58.2,Roberto Alves,2025-03-05
492,2025-05-11,Solda Robô 01,Soldagem,Manhã,3,76.5,2.31,236,6,2.5423728813559325,97.45762711864408,5,Maio,624.0,1.68,2025,KUKA,KR 16,2021.0,700.0,58.2,Roberto Alves,2025-03-05
493,2025-05-12,Solda Robô 01,Soldagem,Tarde,8,73.2,2.46,663,5,0.7541478129713424,99.24585218702866,5,Maio,624.0,1.68,2025,KUKA,KR 16,2021.0,700.0,58.2,Roberto Alves,2025-03-05
494,2025-05-13,Solda Robô 01,Soldagem,Manhã,7,72.7,2.16,625,5,0.8,99.2,5,Maio,624.0,1.68,2025,KUKA,KR 16,2021.0,700.0,58.2,Roberto Alves,2025-03-05
495,2025-05-14,Solda Robô 01,Soldagem,Tarde,10,74.9,2.73,665,3,0.4511278195488722,99.54887218045111,5,Maio,624.0,1.68,2025,KUKA,KR 16,2021.0,700.0,58.2,Roberto Alves,2025-03-05
496,2025-05-15,Solda Robô 01,Soldagem,Manhã,9,75.1,2.28,635,8,1.2598425196850394,98.74015748031496,5,Maio,624.0,1.68,2025,KUKA,KR 16,2021.0,700.0,58.2,Roberto Alves,2025-03-05
497,2025-05-16,Solda Robô 01,Soldagem,Tarde,6,74.3,2.3,670,3,0.4477611940298507,99.55223880597016,5,Maio,624.0,1.68,2025,KUKA,KR 16,2021.0,700.0,58.2,Roberto Alves,2025-03-05
498,2025-05-17,Solda Robô 01,Soldagem,Manhã,3,77.9,2.47,237,4,1.6877637130801686,98.31223628691984,5,Maio,624.0,1.68,2025,KUKA,KR 16,2021.0,700.0,58.2,Roberto Alves,2025-03-05
499,2025-05-18,Solda Robô 01,Soldagem,Tarde,5,74.0,1.86,215,8,3.72093023255814,96.27906976744184,5,Maio,624.0,1.68,2025,KUKA,KR 16,2021.0,700.0,58.2,Roberto Alves,2025-03-05
500,2025-05-19,Solda Robô 01,Soldagem,Manhã,7,75.2,2.0,652,6,0.9202453987730062,99.079754601227,5,Maio,624.0,1.68,2025,KUKA,KR 16,2021.0,700.0,58.2,Roberto Alves,2025-03-05
501,2025-05-20,Solda Robô 01,Soldagem,Tarde,9,78.6,1.6,678,10,1.4749262536873156,98.52507374631269,5,Maio,624.0,1.68,2025,KUKA,KR 16,2021.0,700.0,58.2,Roberto Alves,2025-03-05
502,2025-05-21,Solda Robô 01,Soldagem,Manhã,5,65.9,2.16,693,5,0.7215007215007215,99.27849927849928,5,Maio,624.0,1.68,2025,KUKA,KR 16,2021.0,700.0,58.2,Roberto Alves,2025-03-05
503,2025-05-22,Solda Robô 01,Soldagem,Tarde,8,78.7,1.77,668,5,0.7485029940119761,99.25149700598804,5,Maio,624.0,1.68,2025,KUKA,KR 16,2021.0,700.0,58.2,Roberto Alves,2025-03-05
504,2025-05-23,Solda Robô 01,Soldagem,Manhã,9,75.7,2.51,619,8,1.292407108239095,98.70759289176092,5,Maio,624.0,1.68,2025,KUKA,KR 16,2021.0,700.0,58.2,Roberto Alves,2025-03-05
505,2025-05-24,Solda Robô 01,Soldagem,Tarde,5,75.2,2.09,183,3,1.639344262295082,98.36065573770492,5,Maio,624.0,1.68,2025,KUKA,KR 16,2021.0,700.0,58.2,Roberto Alves,2025-03-05
506,2025-05-25,Solda Robô 01,Soldagem,Manhã,3,76.7,2.34,211,10,4.739336492890995,95.260663507109,5,Maio,624.0,1.68,2025,KUKA,KR 16,2021.0,700.0,58.2,Roberto Alves,2025-03-05
507,2025-05-26,Solda Robô 01,Soldagem,Tarde,11,70.4,2.27,634,3,0.473186119873817,99.52681388012618,5,Maio,624.0,1.68,2025,KUKA,KR 16,2021.0,700.0,58.2,Roberto Alves,2025-03-05
508,2025-05-27,Solda Robô 01,Soldagem,Manhã,10,74.0,2.15,670,10,1.4925373134328357,98.50746268656717,5,Maio,624.0,1.68,2025,KUKA,KR 16,2021.0,700.0,58.2,Roberto Alves,2025-03-05
509,2025-05-28,Solda Robô 01,Soldagem,Tarde,5,72.4,2.16,623,3,0.4815409309791332,99.51845906902086,5,Maio,624.0,1.68,2025,KUKA,KR 16,2021.0,700.0,58.2,Roberto Alves,2025-03-05
510,2025-05-29,Solda Robô 01,Soldagem,Manhã,8,77.6,2.15,647,7,1.0819165378670788,98.91808346213293,5,Maio,624.0,1.68,2025,KUKA,KR 16,2021.0,700.0,58.2,Roberto Alves,2025-03-05
511,2025-05-30,Solda Robô 01,Soldagem,Tarde,8,76.9,1.88,659,8,1.2139605462822458,98.78603945371776,5,Maio,624.0,1.68,2025,KUKA,KR 16,2021.0,700.0,58.2,Roberto Alves,2025-03-05
512,2025-05-31,Solda Robô 01,Soldagem,Manhã,3,77.2,2.13,239,8,3.3472803347280333,96.65271966527196,5,Maio,624.0,1.68,2025,KUKA,KR 16,2021.0,700.0,58.2,Roberto Alves,2025-03-05
513,2025-06-01,Solda Robô 01,Soldagem,Tarde,2,77.7,2.39,259,2,0.7722007722007722,99.22779922779922,6,Junho,630.0,1.6,2025,KUKA,KR 16,2021.0,700.0,58.2,Roberto Alves,2025-03-05
514,2025-06-02,Solda Robô 01,Soldagem,Manhã,8,76.1,1.86,707,6,0.8486562942008486,99.15134370579916,6,Junho,630.0,1.6,2025,KUKA,KR 16,2021.0,700.0,58.2,Roberto Alves,2025-03-05
515,2025-06-03,Solda Robô 01,Soldagem,Tarde,6,73.8,2.1,627,8,1.2759170653907497,98.72408293460926,6,Junho,630.0,1.6,2025,KUKA,KR 16,2021.0,700.0,58.2,Roberto Alves,2025-03-05
516,2025-06-04,Solda Robô 01,Soldagem,Manhã,8,74.8,2.43,659,4,0.6069802731411229,99.39301972685888,6,Junho,630.0,1.6,2025,KUKA,KR 16,2021.0,700.0,58.2,Roberto Alves,2025-03-05
517,2025-06-05,Solda Robô 01,Soldagem,Tarde,8,72.5,2.17,619,5,0.8077544426494345,99.19224555735056,6,Junho,630.0,1.6,2025,KUKA,KR 16,2021.0,700.0,58.2,Roberto Alves,2025-03-05
518,2025-06-06,Solda Robô 01,Soldagem,Manhã,11,72.5,2.53,662,7,1.0574018126888218,98.94259818731118,6,Junho,630.0,1.6,2025,KUKA,KR 16,2021.0,700.0,58.2,Roberto Alves,2025-03-05
519,2025-06-07,Solda Robô 01,Soldagem,Tarde,2,76.9,2.29,247,3,1.214574898785425,98.78542510121456,6,Junho,630.0,1.6,2025,KUKA,KR 16,2021.0,700.0,58.2,Roberto Alves,2025-03-05
520,2025-06-08,Solda Robô 01,Soldagem,Manhã,2,76.1,1.83,207,6,2.898550724637681,97.10144927536231,6,Junho,630.0,1.6,2025,KUKA,KR 16,2021.0,700.0,58.2,Roberto Alves,2025-03-05
521,2025-06-09,Solda Robô 01,Soldagem,Tarde,8,78.4,1.83,669,5,0.7473841554559043,99.2526158445441,6,Junho,630.0,1.6,2025,KUKA,KR 16,2021.0,700.0,58.2,Roberto Alves,2025-03-05
522,2025-06-10,Solda Robô 01,Soldagem,Manhã,9,72.4,1.68,610,6,0.9836065573770492,99.01639344262296,6,Junho,630.0,1.6,2025,KUKA,KR 16,2021.0,700.0,58.2,Roberto Alves,2025-03-05
523,2025-06-11,Solda Robô 01,Soldagem,Tarde,6,75.4,2.03,629,10,1.5898251192368835,98.41017488076312,6,Junho,630.0,1.6,2025,KUKA,KR 16,2021.0,700.0,58.2,Roberto Alves,2025-03-05
524,2025-06-12,Solda Robô 01,Soldagem,Manhã,7,77.3,1.38,652,10,1.5337423312883436,98.46625766871166,6,Junho,630.0,1.6,2025,KUKA,KR 16,2021.0,700.0,58.2,Roberto Alves,2025-03-05
525,2025-06-13,Solda Robô 01,Soldagem,Tarde,8,75.0,2.07,642,2,0.3115264797507788,99.68847352024922,6,Junho,630.0,1.6,2025,KUKA,KR 16,2021.0,700.0,58.2,Roberto Alves,2025-03-05
526,2025-06-14,Solda Robô 01,Soldagem,Manhã,5,69.9,2.0,218,7,3.211009174311927,96.78899082568807,6,Junho,630.0,1.6,2025,KUKA,KR 16,2021.0,700.0,58.2,Roberto Alves,2025-03-05
527,2025-06-15,Solda Robô 01,Soldagem,Tarde,2,74.0,2.04,212,10,4.716981132075472,95.28301886792453,6,Junho,630.0,1.6,2025,KUKA,KR 16,2021.0,700.0,58.2,Roberto Alves,2025-03-05
528,2025-06-16,Solda Robô 01,Soldagem,Manhã,6,74.2,1.71,625,8,1.28,98.72,6,Junho,630.0,1.6,2025,KUKA,KR 16,2021.0,700.0,58.2,Roberto Alves,2025-03-05
529,2025-06-17,Solda Robô 01,Soldagem,Tarde,6,71.2,2.29,624,6,0.9615384615384616,99.03846153846152,6,Junho,630.0,1.6,2025,KUKA,KR 16,2021.0,700.0,58.2,Roberto Alves,2025-03-05
530,2025-06-18,Solda Robô 01,Soldagem,Manhã,8,78.1,2.14,668,9,1.347305389221557,98.65269461077844,6,Junho,630.0,1.6,2025,KUKA,KR 16,2021.0,700.0,58.2,Roberto Alves,2025-03-05
531,2025-06-19,Solda Robô 01,Soldagem,Tarde,5,80.8,1.63,675,7,1.037037037037037,98.96296296296296,6,Junho,630.0,1.6,2025,KUKA,KR 16,2021.0,700.0,58.2,Roberto Alves,2025-03-05
532,2025-06-20,Solda Robô 01,Soldagem,Manhã,7,73.8,2.05,637,8,1.2558869701726845,98.74411302982732,6,Junho,630.0,1.6,2025,KUKA,KR 16,2021.0,700.0,58.2,Roberto Alves,2025-03-05
533,2025-06-21,Solda Robô 01,Soldagem,Tarde,5,72.6,2.11,235,7,2.9787234042553195,97.02127659574468,6,Junho,630.0,1.6,2025,KUKA,KR 16,2021.0,700.0,58.2,Roberto Alves,2025-03-05
534,2025-06-22,Solda Robô 01,Soldagem,Manhã,2,77.0,1.84,251,10,3.98406374501992,96.01593625498008,6,Junho,630.0,1.6,2025,KUKA,KR 16,2021.0,700.0,58.2,Roberto Alves,2025-03-05
535,2025-06-23,Solda Robô 01,Soldagem,Tarde,6,75.8,1.76,633,6,0.9478672985781992,99.0521327014218,6,Junho,630.0,1.6,2025,KUKA,KR 16,2021.0,700.0,58.2,Roberto Alves,2025-03-05
536,2025-06-24,Solda Robô 01,Soldagem,Manhã,8,79.7,1.8,637,5,0.7849293563579277,99.21507064364208,6,Junho,630.0,1.6,2025,KUKA,KR 16,2021.0,700.0,58.2,Roberto Alves,2025-03-05
537,2025-06-25,Solda Robô 01,Soldagem,Tarde,10,71.2,2.02,611,10,1.6366612111292964,98.3633387888707,6,Junho,630.0,1.6,2025,KUKA,KR 16,2021.0,700.0,58.2,Roberto Alves,2025-03-05
538,2025-06-26,Solda Robô 01,Soldagem,Manhã,10,71.7,2.05,658,11,1.6717325227963524,98.32826747720364,6,Junho,630.0,1.6,2025,KUKA,KR 16,2021.0,700.0,58.2,Roberto Alves,2025-03-05
539,2025-06-27,Solda Robô 01,Soldagem,Tarde,9,76.8,2.13,668,7,1.0479041916167664,98.95209580838323,6,Junho,630.0,1.6,2025,KUKA,KR 16,2021.0,700.0,58.2,Roberto Alves,2025-03-05
540,2025-06-28,Solda Robô 01,Soldagem,Manhã,3,81.6,1.53,216,7,3.2407407407407405,96.75925925925928,6,Junho,630.0,1.6,2025,KUKA,KR 16,2021.0,700.0,58.2,Roberto Alves,2025-03-05
541,2025-06-29,Solda Robô 01,Soldagem,Tarde,2,74.8,2.39,229,2,0.8733624454148471,99.12663755458516,6,Junho,630.0,1.6,2025,KUKA,KR 16,2021.0,700.0,58.2,Roberto Alves,2025-03-05
542,2025-06-30,Solda Robô 01,Soldagem,Manhã,5,73.7,2.28,619,10,1.615508885298869,98.38449111470112,6,Junho,630.0,1.6,2025,KUKA,KR 16,2021.0,700.0,58.2,Roberto Alves,2025-03-05
